trial,testing,parameters,initial_deadline,final_deadline,net_reward,actions,success
1,False,"{'a': 0.08, 'e': 0.99}",20,0,-132.4298353878346,"{0: 13, 1: 3, 2: 1, 3: 0, 4: 3}",0
2,False,"{'a': 0.08, 'e': 0.9801}",30,0,-84.18219504554258,"{0: 22, 1: 2, 2: 4, 3: 1, 4: 1}",0
3,False,"{'a': 0.08, 'e': 0.970299}",20,0,-192.2422789490747,"{0: 12, 1: 1, 2: 2, 3: 1, 4: 4}",0
4,False,"{'a': 0.08, 'e': 0.9605960100000001}",20,0,-150.76232608589342,"{0: 11, 1: 1, 2: 5, 3: 1, 4: 2}",0
5,False,"{'a': 0.08, 'e': 0.9509900499}",20,0,-82.35974565733702,"{0: 13, 1: 2, 2: 4, 3: 0, 4: 1}",0
6,False,"{'a': 0.08, 'e': 0.941480149401}",25,0,-104.76146801140273,"{0: 15, 1: 5, 2: 3, 3: 1, 4: 1}",0
7,False,"{'a': 0.08, 'e': 0.93206534790699}",25,0,-103.75338294056941,"{0: 16, 1: 1, 2: 6, 3: 1, 4: 1}",0
8,False,"{'a': 0.08, 'e': 0.9227446944279202}",20,0,-173.59474001023935,"{0: 10, 1: 4, 2: 2, 3: 1, 4: 3}",0
9,False,"{'a': 0.08, 'e': 0.9135172474836409}",20,7,-76.18828184548231,"{0: 7, 1: 0, 2: 5, 3: 0, 4: 1}",1
10,False,"{'a': 0.08, 'e': 0.9043820750088045}",25,0,-129.09024783263456,"{0: 16, 1: 3, 2: 3, 3: 1, 4: 2}",0
11,False,"{'a': 0.08, 'e': 0.8953382542587165}",25,0,-131.3543383910685,"{0: 9, 1: 6, 2: 9, 3: 1, 4: 0}",0
12,False,"{'a': 0.08, 'e': 0.8863848717161293}",25,13,-47.17720784165598,"{0: 9, 1: 0, 2: 2, 3: 0, 4: 1}",1
13,False,"{'a': 0.08, 'e': 0.8775210229989681}",25,0,-205.0408478468922,"{0: 15, 1: 0, 2: 4, 3: 3, 4: 3}",1
14,False,"{'a': 0.08, 'e': 0.8687458127689783}",25,2,-30.015813597418997,"{0: 17, 1: 1, 2: 5, 3: 0, 4: 0}",1
15,False,"{'a': 0.08, 'e': 0.8600583546412885}",30,0,-159.30797104931142,"{0: 19, 1: 4, 2: 4, 3: 0, 4: 3}",0
16,False,"{'a': 0.08, 'e': 0.8514577710948756}",30,7,-45.189499314646156,"{0: 15, 1: 2, 2: 6, 3: 0, 4: 0}",1
17,False,"{'a': 0.08, 'e': 0.8429431933839269}",20,0,-79.5146591276469,"{0: 13, 1: 1, 2: 5, 3: 0, 4: 1}",0
18,False,"{'a': 0.08, 'e': 0.8345137614500876}",25,0,-95.51657742982361,"{0: 18, 1: 2, 2: 3, 3: 0, 4: 2}",0
19,False,"{'a': 0.08, 'e': 0.8261686238355868}",20,0,-71.86140037671687,"{0: 13, 1: 3, 2: 3, 3: 0, 4: 1}",0
20,False,"{'a': 0.08, 'e': 0.8179069375972309}",30,0,-75.89837261304358,"{0: 22, 1: 3, 2: 3, 3: 1, 4: 1}",0
21,False,"{'a': 0.08, 'e': 0.8097278682212585}",25,0,-61.62480503333246,"{0: 20, 1: 1, 2: 2, 3: 1, 4: 1}",0
22,False,"{'a': 0.08, 'e': 0.801630589539046}",20,11,-20.52732663245046,"{0: 5, 1: 2, 2: 2, 3: 0, 4: 0}",1
23,False,"{'a': 0.08, 'e': 0.7936142836436555}",25,0,-105.50846649311731,"{0: 17, 1: 1, 2: 4, 3: 2, 4: 1}",0
24,False,"{'a': 0.08, 'e': 0.785678140807219}",25,0,-35.19566292391875,"{0: 19, 1: 1, 2: 5, 3: 0, 4: 0}",0
25,False,"{'a': 0.08, 'e': 0.7778213593991468}",25,8,-122.96215905452023,"{0: 10, 1: 2, 2: 1, 3: 2, 4: 2}",1
26,False,"{'a': 0.08, 'e': 0.7700431458051553}",20,6,-76.28745162753476,"{0: 6, 1: 1, 2: 6, 3: 1, 4: 0}",1
27,False,"{'a': 0.08, 'e': 0.7623427143471038}",25,0,-87.11630793392126,"{0: 20, 1: 1, 2: 1, 3: 1, 4: 2}",0
28,False,"{'a': 0.08, 'e': 0.7547192872036327}",30,0,-158.94525419253014,"{0: 15, 1: 2, 2: 11, 3: 1, 4: 1}",0
29,False,"{'a': 0.08, 'e': 0.7471720943315964}",20,0,-44.61247969523041,"{0: 15, 1: 1, 2: 2, 3: 2, 4: 0}",0
30,False,"{'a': 0.08, 'e': 0.7397003733882804}",25,0,-166.68864975558753,"{0: 15, 1: 2, 2: 5, 3: 0, 4: 3}",0
31,False,"{'a': 0.08, 'e': 0.7323033696543976}",20,3,-62.13519833082147,"{0: 11, 1: 3, 2: 2, 3: 0, 4: 1}",1
32,False,"{'a': 0.08, 'e': 0.7249803359578536}",20,0,-19.130063878194022,"{0: 16, 1: 1, 2: 3, 3: 0, 4: 0}",0
33,False,"{'a': 0.08, 'e': 0.717730532598275}",30,0,-149.39933281355908,"{0: 18, 1: 4, 2: 5, 3: 1, 4: 2}",0
34,False,"{'a': 0.08, 'e': 0.7105532272722923}",20,0,-57.938008170581696,"{0: 13, 1: 4, 2: 1, 3: 2, 4: 0}",0
35,False,"{'a': 0.08, 'e': 0.7034476949995694}",25,0,-93.1830022013831,"{0: 18, 1: 0, 2: 4, 3: 2, 4: 1}",0
36,False,"{'a': 0.08, 'e': 0.6964132180495737}",20,14,-6.869670493684396,"{0: 4, 1: 1, 2: 1, 3: 0, 4: 0}",1
37,False,"{'a': 0.08, 'e': 0.6894490858690779}",20,4,-149.20466670772726,"{0: 8, 1: 1, 2: 4, 3: 0, 4: 3}",1
38,False,"{'a': 0.08, 'e': 0.6825545950103872}",20,3,-7.659809267494973,"{0: 13, 1: 3, 2: 1, 3: 0, 4: 0}",1
39,False,"{'a': 0.08, 'e': 0.6757290490602833}",35,0,-60.6344246538342,"{0: 28, 1: 1, 2: 5, 3: 0, 4: 1}",0
40,False,"{'a': 0.08, 'e': 0.6689717585696805}",30,0,-116.63135835105363,"{0: 19, 1: 1, 2: 8, 3: 1, 4: 1}",0
41,False,"{'a': 0.08, 'e': 0.6622820409839837}",20,8,2.229070088121686,"{0: 10, 1: 1, 2: 1, 3: 0, 4: 0}",1
42,False,"{'a': 0.08, 'e': 0.6556592205741438}",25,0,-156.3509861564801,"{0: 15, 1: 0, 2: 6, 3: 2, 4: 2}",0
43,False,"{'a': 0.08, 'e': 0.6491026283684024}",20,9,-27.857434955262768,"{0: 8, 1: 0, 2: 2, 3: 1, 4: 0}",1
44,False,"{'a': 0.08, 'e': 0.6426116020847183}",20,0,-89.22566603513397,"{0: 15, 1: 1, 2: 1, 3: 1, 4: 2}",0
45,False,"{'a': 0.08, 'e': 0.6361854860638712}",25,9,-55.77057006598863,"{0: 11, 1: 2, 2: 2, 3: 0, 4: 1}",1
46,False,"{'a': 0.08, 'e': 0.6298236312032325}",25,0,-116.09336935592651,"{0: 17, 1: 4, 2: 0, 3: 2, 4: 2}",0
47,False,"{'a': 0.08, 'e': 0.6235253948912002}",30,9,-57.039300973361904,"{0: 16, 1: 0, 2: 4, 3: 0, 4: 1}",1
48,False,"{'a': 0.08, 'e': 0.6172901409422882}",25,0,-131.3131619591663,"{0: 17, 1: 1, 2: 3, 3: 2, 4: 2}",0
49,False,"{'a': 0.08, 'e': 0.6111172395328653}",30,0,-51.563640596450185,"{0: 24, 1: 1, 2: 4, 3: 0, 4: 1}",0
50,False,"{'a': 0.08, 'e': 0.6050060671375367}",25,11,-43.81762836929701,"{0: 10, 1: 2, 2: 1, 3: 0, 4: 1}",1
51,False,"{'a': 0.08, 'e': 0.5989560064661613}",30,2,-110.00587278266892,"{0: 17, 1: 3, 2: 6, 3: 1, 4: 1}",1
52,False,"{'a': 0.08, 'e': 0.5929664464014998}",30,0,-146.94313022042974,"{0: 20, 1: 3, 2: 4, 3: 0, 4: 3}",0
53,False,"{'a': 0.08, 'e': 0.5870367819374848}",20,0,-69.14018893776996,"{0: 14, 1: 2, 2: 2, 3: 1, 4: 1}",0
54,False,"{'a': 0.08, 'e': 0.5811664141181099}",20,0,-177.9966568580469,"{0: 11, 1: 0, 2: 5, 3: 1, 4: 3}",0
55,False,"{'a': 0.08, 'e': 0.5753547499769288}",25,7,8.301416599709198,"{0: 16, 1: 1, 2: 1, 3: 0, 4: 0}",1
56,False,"{'a': 0.08, 'e': 0.5696012024771595}",25,0,-29.653245129620647,"{0: 20, 1: 1, 2: 3, 3: 1, 4: 0}",0
57,False,"{'a': 0.08, 'e': 0.563905190452388}",20,0,-74.94655236731572,"{0: 13, 1: 3, 2: 2, 3: 1, 4: 1}",0
58,False,"{'a': 0.08, 'e': 0.5582661385478641}",25,15,-48.368069710786415,"{0: 7, 1: 0, 2: 2, 3: 0, 4: 1}",1
59,False,"{'a': 0.08, 'e': 0.5526834771623854}",20,0,-66.93106896258882,"{0: 14, 1: 1, 2: 4, 3: 0, 4: 1}",0
60,False,"{'a': 0.08, 'e': 0.5471566423907616}",20,0,-103.38574463257964,"{0: 11, 1: 3, 2: 4, 3: 1, 4: 1}",0
61,False,"{'a': 0.08, 'e': 0.5416850759668539}",20,0,-29.149253274694885,"{0: 14, 1: 2, 2: 4, 3: 0, 4: 0}",0
62,False,"{'a': 0.08, 'e': 0.5362682252071853}",25,7,-59.75913658448562,"{0: 12, 1: 2, 2: 3, 3: 0, 4: 1}",1
63,False,"{'a': 0.08, 'e': 0.5309055429551135}",30,0,-42.08255954153019,"{0: 24, 1: 3, 2: 2, 3: 0, 4: 1}",0
64,False,"{'a': 0.08, 'e': 0.5255964875255623}",20,0,-155.4087247830841,"{0: 12, 1: 1, 2: 4, 3: 0, 4: 3}",0
65,False,"{'a': 0.08, 'e': 0.5203405226503067}",20,2,-80.91290147613296,"{0: 14, 1: 0, 2: 2, 3: 0, 4: 2}",1
66,False,"{'a': 0.08, 'e': 0.5151371174238036}",20,3,12.960323898387767,"{0: 14, 1: 3, 2: 0, 3: 0, 4: 0}",1
67,False,"{'a': 0.08, 'e': 0.5099857462495656}",25,6,-29.058351527354493,"{0: 16, 1: 1, 2: 1, 3: 0, 4: 1}",1
68,False,"{'a': 0.08, 'e': 0.50488588878707}",25,5,-56.25086516831035,"{0: 14, 1: 1, 2: 3, 3: 2, 4: 0}",1
69,False,"{'a': 0.08, 'e': 0.49983702989919926}",25,8,3.127616539576131,"{0: 14, 1: 2, 2: 1, 3: 0, 4: 0}",1
70,False,"{'a': 0.08, 'e': 0.4948386596002073}",30,18,4.635120453431077,"{0: 10, 1: 2, 2: 0, 3: 0, 4: 0}",1
71,False,"{'a': 0.08, 'e': 0.48989027300420523}",20,0,0.8544253181144482,"{0: 17, 1: 1, 2: 2, 3: 0, 4: 0}",0
72,False,"{'a': 0.08, 'e': 0.48499137027416317}",20,0,14.428845059698691,"{0: 19, 1: 0, 2: 1, 3: 0, 4: 0}",0
73,False,"{'a': 0.08, 'e': 0.48014145657142154}",25,3,-17.739641458860334,"{0: 15, 1: 5, 2: 2, 3: 0, 4: 0}",1
74,False,"{'a': 0.08, 'e': 0.47534004200570734}",20,2,-9.624808302439073,"{0: 15, 1: 0, 2: 3, 3: 0, 4: 0}",1
75,False,"{'a': 0.08, 'e': 0.4705866415856503}",35,4,-82.42881112652148,"{0: 25, 1: 1, 2: 3, 3: 0, 4: 2}",1
76,False,"{'a': 0.08, 'e': 0.46588077516979376}",20,13,-0.8332640065267787,"{0: 6, 1: 0, 2: 1, 3: 0, 4: 0}",1
77,False,"{'a': 0.08, 'e': 0.46122196741809585}",30,10,-71.98988980051475,"{0: 12, 1: 2, 2: 4, 3: 2, 4: 0}",1
78,False,"{'a': 0.08, 'e': 0.4566097477439149}",20,0,-106.73183444281426,"{0: 16, 1: 0, 2: 1, 3: 0, 4: 3}",0
79,False,"{'a': 0.08, 'e': 0.45204365026647575}",25,8,-1.3438088443787524,"{0: 15, 1: 0, 2: 1, 3: 1, 4: 0}",1
80,False,"{'a': 0.08, 'e': 0.447523213763811}",25,7,-111.44385079589733,"{0: 12, 1: 0, 2: 3, 3: 1, 4: 2}",1
81,False,"{'a': 0.08, 'e': 0.44304798162617287}",35,18,3.2302815030141407,"{0: 16, 1: 0, 2: 0, 3: 1, 4: 0}",1
82,False,"{'a': 0.08, 'e': 0.43861750180991116}",25,8,-4.266842675549974,"{0: 13, 1: 2, 2: 2, 3: 0, 4: 0}",1
83,False,"{'a': 0.08, 'e': 0.43423132679181203}",25,0,-41.653644492708786,"{0: 19, 1: 0, 2: 5, 3: 1, 4: 0}",0
84,False,"{'a': 0.08, 'e': 0.4298890135238939}",20,0,-66.4693166910161,"{0: 17, 1: 0, 2: 0, 3: 1, 4: 2}",0
85,False,"{'a': 0.08, 'e': 0.425590123388655}",25,0,-8.260155972602135,"{0: 21, 1: 1, 2: 3, 3: 0, 4: 0}",0
86,False,"{'a': 0.08, 'e': 0.42133422215476846}",20,5,-90.18116481549399,"{0: 10, 1: 1, 2: 2, 3: 0, 4: 2}",1
87,False,"{'a': 0.08, 'e': 0.4171208799332208}",30,11,-10.212166852512686,"{0: 16, 1: 0, 2: 3, 3: 0, 4: 0}",1
88,False,"{'a': 0.08, 'e': 0.4129496711338886}",20,10,6.454335611756533,"{0: 9, 1: 0, 2: 1, 3: 0, 4: 0}",1
89,False,"{'a': 0.08, 'e': 0.4088201744225497}",25,9,-34.27454711251614,"{0: 13, 1: 0, 2: 2, 3: 0, 4: 1}",1
90,False,"{'a': 0.08, 'e': 0.4047319726783242}",25,0,11.330135770495195,"{0: 22, 1: 1, 2: 2, 3: 0, 4: 0}",0
91,False,"{'a': 0.08, 'e': 0.400684652951541}",30,16,-25.380521414314032,"{0: 12, 1: 1, 2: 0, 3: 0, 4: 1}",1
92,False,"{'a': 0.08, 'e': 0.3966778064220256}",25,16,11.57675392571273,"{0: 8, 1: 1, 2: 0, 3: 0, 4: 0}",1
93,False,"{'a': 0.08, 'e': 0.39271102835780536}",20,5,-41.19361215821315,"{0: 12, 1: 0, 2: 2, 3: 0, 4: 1}",1
94,False,"{'a': 0.08, 'e': 0.3887839180742273}",25,1,-56.46896985587678,"{0: 19, 1: 1, 2: 2, 3: 1, 4: 1}",1
95,False,"{'a': 0.08, 'e': 0.38489607889348504}",35,20,-6.413935186244752,"{0: 11, 1: 3, 2: 1, 3: 0, 4: 0}",1
96,False,"{'a': 0.08, 'e': 0.38104711810455016}",30,11,-47.55121033455677,"{0: 15, 1: 1, 2: 1, 3: 1, 4: 1}",1
97,False,"{'a': 0.08, 'e': 0.37723664692350467}",20,7,-94.74645927364693,"{0: 6, 1: 3, 2: 1, 3: 2, 4: 1}",1
98,False,"{'a': 0.08, 'e': 0.3734642804542696}",20,0,21.685316966084113,"{0: 19, 1: 1, 2: 0, 3: 0, 4: 0}",0
99,False,"{'a': 0.08, 'e': 0.3697296376497269}",30,2,-20.114822615474104,"{0: 25, 1: 1, 2: 1, 3: 0, 4: 1}",1
100,False,"{'a': 0.08, 'e': 0.3660323412732296}",20,0,-34.789383305339875,"{0: 17, 1: 0, 2: 2, 3: 0, 4: 1}",0
101,False,"{'a': 0.08, 'e': 0.3623720178604973}",20,0,-59.839254891121385,"{0: 17, 1: 1, 2: 0, 3: 0, 4: 2}",1
102,False,"{'a': 0.08, 'e': 0.3587482976818923}",30,0,-59.85202456225142,"{0: 21, 1: 5, 2: 2, 3: 2, 4: 0}",0
103,False,"{'a': 0.08, 'e': 0.3551608147050734}",20,0,-16.28567383429073,"{0: 15, 1: 3, 2: 2, 3: 0, 4: 0}",0
104,False,"{'a': 0.08, 'e': 0.35160920655802264}",20,1,-25.819579991985645,"{0: 17, 1: 0, 2: 1, 3: 0, 4: 1}",1
105,False,"{'a': 0.08, 'e': 0.3480931144924424}",30,0,-64.00233088569888,"{0: 24, 1: 1, 2: 3, 3: 1, 4: 1}",0
106,False,"{'a': 0.08, 'e': 0.344612183347518}",20,0,-35.64915771742421,"{0: 17, 1: 0, 2: 2, 3: 0, 4: 1}",0
107,False,"{'a': 0.08, 'e': 0.3411660615140428}",25,10,0.7117969386143788,"{0: 13, 1: 0, 2: 2, 3: 0, 4: 0}",1
108,False,"{'a': 0.08, 'e': 0.33775440089890235}",20,2,-37.587133122649874,"{0: 15, 1: 0, 2: 2, 3: 0, 4: 1}",1
109,False,"{'a': 0.08, 'e': 0.3343768568899133}",25,16,8.12127246442318,"{0: 8, 1: 1, 2: 0, 3: 0, 4: 0}",1
110,False,"{'a': 0.08, 'e': 0.3310330883210142}",20,0,16.45654461921366,"{0: 19, 1: 1, 2: 0, 3: 0, 4: 0}",0
111,False,"{'a': 0.08, 'e': 0.32772275743780405}",20,0,-43.883322002102865,"{0: 16, 1: 2, 2: 1, 3: 0, 4: 1}",0
112,False,"{'a': 0.08, 'e': 0.324445529863426}",25,0,-2.4692434804912966,"{0: 22, 1: 0, 2: 3, 3: 0, 4: 0}",0
113,False,"{'a': 0.08, 'e': 0.32120107456479174}",25,0,-0.918598659004382,"{0: 21, 1: 2, 2: 2, 3: 0, 4: 0}",0
114,False,"{'a': 0.08, 'e': 0.3179890638191438}",20,0,-31.496915910410863,"{0: 14, 1: 1, 2: 5, 3: 0, 4: 0}",0
115,False,"{'a': 0.08, 'e': 0.31480917318095236}",25,18,11.990250310397148,"{0: 7, 1: 0, 2: 0, 3: 0, 4: 0}",1
116,False,"{'a': 0.08, 'e': 0.31166108144914284}",20,8,-1.6454002759729136,"{0: 11, 1: 0, 2: 0, 3: 1, 4: 0}",1
117,False,"{'a': 0.08, 'e': 0.3085444706346514}",25,0,-32.96995070393173,"{0: 20, 1: 1, 2: 3, 3: 1, 4: 0}",0
118,False,"{'a': 0.08, 'e': 0.3054590259283049}",20,8,-40.831863163647185,"{0: 9, 1: 1, 2: 1, 3: 0, 4: 1}",1
119,False,"{'a': 0.08, 'e': 0.3024044356690218}",20,4,-98.71089005109603,"{0: 11, 1: 1, 2: 1, 3: 1, 4: 2}",1
120,False,"{'a': 0.08, 'e': 0.2993803913123316}",35,18,29.267684070225712,"{0: 17, 1: 0, 2: 0, 3: 0, 4: 0}",1
121,False,"{'a': 0.08, 'e': 0.29638658739920826}",20,6,-10.784779858583214,"{0: 11, 1: 0, 2: 3, 3: 0, 4: 0}",1
122,False,"{'a': 0.08, 'e': 0.2934227215252162}",30,4,32.440091052420144,"{0: 24, 1: 2, 2: 0, 3: 0, 4: 0}",1
123,False,"{'a': 0.08, 'e': 0.29048849430996404}",30,0,-71.5760817987784,"{0: 21, 1: 4, 2: 4, 3: 0, 4: 1}",0
124,False,"{'a': 0.08, 'e': 0.2875836093668644}",20,10,20.135556315235142,"{0: 10, 1: 0, 2: 0, 3: 0, 4: 0}",1
125,False,"{'a': 0.08, 'e': 0.28470777327319574}",25,0,9.96042152737528,"{0: 22, 1: 1, 2: 2, 3: 0, 4: 0}",0
126,False,"{'a': 0.08, 'e': 0.2818606955404638}",20,0,24.76450893956324,"{0: 19, 1: 1, 2: 0, 3: 0, 4: 0}",0
127,False,"{'a': 0.08, 'e': 0.27904208858505913}",20,15,-2.3919053339219856,"{0: 4, 1: 0, 2: 1, 3: 0, 4: 0}",1
128,False,"{'a': 0.08, 'e': 0.27625166769920856}",20,12,-8.516033173805043,"{0: 6, 1: 0, 2: 2, 3: 0, 4: 0}",1
129,False,"{'a': 0.08, 'e': 0.2734891510222165}",20,7,-2.3321543998027696,"{0: 11, 1: 0, 2: 2, 3: 0, 4: 0}",1
130,False,"{'a': 0.08, 'e': 0.27075425951199433}",20,0,19.409754485409508,"{0: 19, 1: 0, 2: 1, 3: 0, 4: 0}",0
131,False,"{'a': 0.08, 'e': 0.2680467169168744}",25,0,-4.504300596180526,"{0: 22, 1: 1, 2: 1, 3: 1, 4: 0}",1
132,False,"{'a': 0.08, 'e': 0.2653662497477056}",20,1,-14.31201312063227,"{0: 14, 1: 3, 2: 2, 3: 0, 4: 0}",1
133,False,"{'a': 0.08, 'e': 0.26271258725022856}",35,8,-63.95225322908309,"{0: 22, 1: 0, 2: 2, 3: 2, 4: 1}",1
134,False,"{'a': 0.08, 'e': 0.26008546137772626}",25,19,8.701398978061333,"{0: 6, 1: 0, 2: 0, 3: 0, 4: 0}",1
135,False,"{'a': 0.08, 'e': 0.257484606763949}",25,11,3.1804464079058086,"{0: 12, 1: 0, 2: 2, 3: 0, 4: 0}",1
136,False,"{'a': 0.08, 'e': 0.25490976069630955}",20,0,15.004548511738141,"{0: 18, 1: 2, 2: 0, 3: 0, 4: 0}",0
137,False,"{'a': 0.08, 'e': 0.25236066308934646}",20,8,9.787173259059518,"{0: 11, 1: 0, 2: 1, 3: 0, 4: 0}",1
138,False,"{'a': 0.08, 'e': 0.249837056458453}",20,15,-2.7644584004346084,"{0: 4, 1: 0, 2: 1, 3: 0, 4: 0}",1
139,False,"{'a': 0.08, 'e': 0.24733868589386848}",20,0,16.17480365199718,"{0: 19, 1: 0, 2: 1, 3: 0, 4: 0}",0
140,False,"{'a': 0.08, 'e': 0.2448652990349298}",25,18,0.42159640001884413,"{0: 6, 1: 0, 2: 1, 3: 0, 4: 0}",1
141,False,"{'a': 0.08, 'e': 0.2424166460445805}",25,0,-30.60734038075236,"{0: 21, 1: 2, 2: 1, 3: 0, 4: 1}",1
142,False,"{'a': 0.08, 'e': 0.2399924795841347}",25,0,-87.41112997859935,"{0: 19, 1: 0, 2: 3, 3: 2, 4: 1}",0
143,False,"{'a': 0.08, 'e': 0.23759255478829336}",20,15,9.309562720804585,"{0: 5, 1: 0, 2: 0, 3: 0, 4: 0}",1
144,False,"{'a': 0.08, 'e': 0.23521662924041042}",25,11,-24.352961522826384,"{0: 12, 1: 1, 2: 0, 3: 0, 4: 1}",1
145,False,"{'a': 0.08, 'e': 0.2328644629480063}",20,0,7.091341689236912,"{0: 18, 1: 1, 2: 1, 3: 0, 4: 0}",0
146,False,"{'a': 0.08, 'e': 0.23053581831852624}",25,7,-12.054646221410515,"{0: 16, 1: 1, 2: 0, 3: 0, 4: 1}",1
147,False,"{'a': 0.08, 'e': 0.22823046013534098}",20,8,-2.5132521593581014,"{0: 11, 1: 0, 2: 0, 3: 1, 4: 0}",1
148,False,"{'a': 0.08, 'e': 0.2259481555339876}",25,13,-18.856963727789545,"{0: 11, 1: 0, 2: 0, 3: 0, 4: 1}",1
149,False,"{'a': 0.08, 'e': 0.22368867397864772}",20,0,9.767656049575047,"{0: 18, 1: 1, 2: 1, 3: 0, 4: 0}",0
150,False,"{'a': 0.08, 'e': 0.22145178723886125}",25,0,-57.57800980107184,"{0: 22, 1: 0, 2: 1, 3: 0, 4: 2}",0
151,False,"{'a': 0.08, 'e': 0.21923726936647264}",30,13,-41.91292793000907,"{0: 13, 1: 1, 2: 2, 3: 0, 4: 1}",1
152,False,"{'a': 0.08, 'e': 0.2170448966728079}",30,7,-38.77490891397595,"{0: 17, 1: 4, 2: 1, 3: 0, 4: 1}",1
153,False,"{'a': 0.08, 'e': 0.21487444770607983}",25,14,2.629170263334191,"{0: 9, 1: 2, 2: 0, 3: 0, 4: 0}",1
154,False,"{'a': 0.08, 'e': 0.21272570322901904}",30,1,-70.19855364716939,"{0: 25, 1: 1, 2: 0, 3: 1, 4: 2}",1
155,False,"{'a': 0.08, 'e': 0.21059844619672885}",20,14,0.0967413773862722,"{0: 5, 1: 0, 2: 1, 3: 0, 4: 0}",1
156,False,"{'a': 0.08, 'e': 0.20849246173476157}",20,9,1.6770762089649716,"{0: 9, 1: 1, 2: 1, 3: 0, 4: 0}",1
157,False,"{'a': 0.08, 'e': 0.20640753711741397}",30,16,4.706772879409912,"{0: 12, 1: 0, 2: 2, 3: 0, 4: 0}",1
158,False,"{'a': 0.08, 'e': 0.20434346174623982}",25,17,-11.015470636250273,"{0: 6, 1: 1, 2: 0, 3: 1, 4: 0}",1
159,False,"{'a': 0.08, 'e': 0.20230002712877743}",30,16,6.263783688031017,"{0: 13, 1: 0, 2: 0, 3: 1, 4: 0}",1
160,False,"{'a': 0.08, 'e': 0.20027702685748966}",25,5,18.585497240144818,"{0: 19, 1: 0, 2: 1, 3: 0, 4: 0}",1
161,False,"{'a': 0.08, 'e': 0.19827425658891476}",25,10,-57.51469753958546,"{0: 11, 1: 1, 2: 1, 3: 1, 4: 1}",1
162,False,"{'a': 0.08, 'e': 0.1962915140230256}",20,3,31.40796949504513,"{0: 17, 1: 0, 2: 0, 3: 0, 4: 0}",1
163,False,"{'a': 0.08, 'e': 0.19432859888279536}",20,6,30.283229517629593,"{0: 14, 1: 0, 2: 0, 3: 0, 4: 0}",1
164,False,"{'a': 0.08, 'e': 0.1923853128939674}",20,12,0.9950216779245633,"{0: 6, 1: 2, 2: 0, 3: 0, 4: 0}",1
165,False,"{'a': 0.08, 'e': 0.19046145976502774}",20,0,16.485059083554773,"{0: 18, 1: 2, 2: 0, 3: 0, 4: 0}",0
166,False,"{'a': 0.08, 'e': 0.18855684516737745}",20,7,12.098330783026478,"{0: 12, 1: 1, 2: 0, 3: 0, 4: 0}",1
167,False,"{'a': 0.08, 'e': 0.18667127671570366}",20,8,15.83129422619823,"{0: 11, 1: 1, 2: 0, 3: 0, 4: 0}",1
168,False,"{'a': 0.08, 'e': 0.18480456394854664}",30,21,-36.41697366827761,"{0: 7, 1: 0, 2: 1, 3: 0, 4: 1}",1
169,False,"{'a': 0.08, 'e': 0.18295651830906118}",30,11,-24.574015695059828,"{0: 15, 1: 0, 2: 3, 3: 1, 4: 0}",1
170,False,"{'a': 0.08, 'e': 0.18112695312597057}",25,11,-7.425238011567145,"{0: 11, 1: 1, 2: 2, 3: 0, 4: 0}",1
171,False,"{'a': 0.08, 'e': 0.17931568359471087}",30,13,-21.356338961999576,"{0: 15, 1: 0, 2: 1, 3: 0, 4: 1}",1
172,False,"{'a': 0.08, 'e': 0.17752252675876376}",20,0,31.156425373871485,"{0: 20, 1: 0, 2: 0, 3: 0, 4: 0}",0
173,False,"{'a': 0.08, 'e': 0.17574730149117612}",20,8,-35.55582752505784,"{0: 10, 1: 0, 2: 1, 3: 0, 4: 1}",1
174,False,"{'a': 0.08, 'e': 0.17398982847626437}",20,2,21.069546222120387,"{0: 17, 1: 1, 2: 0, 3: 0, 4: 0}",1
175,False,"{'a': 0.08, 'e': 0.17224993019150173}",20,10,-24.04348210673551,"{0: 9, 1: 0, 2: 0, 3: 0, 4: 1}",1
176,False,"{'a': 0.08, 'e': 0.17052743088958672}",25,7,-10.54849990286523,"{0: 17, 1: 0, 2: 0, 3: 0, 4: 1}",1
177,False,"{'a': 0.08, 'e': 0.16882215658069086}",25,20,10.743249469497874,"{0: 5, 1: 0, 2: 0, 3: 0, 4: 0}",1
178,False,"{'a': 0.08, 'e': 0.16713393501488394}",20,8,-18.515361842735203,"{0: 11, 1: 0, 2: 0, 3: 0, 4: 1}",1
179,False,"{'a': 0.08, 'e': 0.1654625956647351}",25,12,-19.076039577343664,"{0: 11, 1: 0, 2: 0, 3: 2, 4: 0}",1
180,False,"{'a': 0.08, 'e': 0.16380796970808775}",30,14,24.20342513337543,"{0: 16, 1: 0, 2: 0, 3: 0, 4: 0}",1
181,False,"{'a': 0.08, 'e': 0.16216989001100687}",20,0,23.637706313936746,"{0: 19, 1: 1, 2: 0, 3: 0, 4: 0}",1
182,False,"{'a': 0.08, 'e': 0.1605481911108968}",25,11,27.046310729133015,"{0: 14, 1: 0, 2: 0, 3: 0, 4: 0}",1
183,False,"{'a': 0.08, 'e': 0.15894270919978784}",30,8,-62.696808138256934,"{0: 18, 1: 1, 2: 1, 3: 0, 4: 2}",1
184,False,"{'a': 0.08, 'e': 0.15735328210778995}",25,12,20.1808567594131,"{0: 13, 1: 0, 2: 0, 3: 0, 4: 0}",1
185,False,"{'a': 0.08, 'e': 0.15577974928671207}",25,8,28.36361669122967,"{0: 17, 1: 0, 2: 0, 3: 0, 4: 0}",1
186,False,"{'a': 0.08, 'e': 0.15422195179384496}",20,10,9.02614754549465,"{0: 9, 1: 0, 2: 1, 3: 0, 4: 0}",1
187,False,"{'a': 0.08, 'e': 0.1526797322759065}",25,11,29.43343944443596,"{0: 14, 1: 0, 2: 0, 3: 0, 4: 0}",1
188,False,"{'a': 0.08, 'e': 0.15115293495314744}",20,7,-55.86825618254489,"{0: 10, 1: 0, 2: 1, 3: 1, 4: 1}",1
189,False,"{'a': 0.08, 'e': 0.14964140560361597}",30,16,-9.208262117026313,"{0: 11, 1: 0, 2: 3, 3: 0, 4: 0}",1
190,False,"{'a': 0.08, 'e': 0.14814499154757982}",25,15,-28.065189691244957,"{0: 8, 1: 1, 2: 0, 3: 0, 4: 1}",1
191,False,"{'a': 0.08, 'e': 0.14666354163210402}",20,11,11.050194348948441,"{0: 8, 1: 1, 2: 0, 3: 0, 4: 0}",1
192,False,"{'a': 0.08, 'e': 0.145196906215783}",30,8,31.604235913318558,"{0: 21, 1: 1, 2: 0, 3: 0, 4: 0}",1
193,False,"{'a': 0.08, 'e': 0.14374493715362516}",30,18,24.22178116888093,"{0: 12, 1: 0, 2: 0, 3: 0, 4: 0}",1
194,False,"{'a': 0.08, 'e': 0.1423074877820889}",30,18,5.541292696273519,"{0: 10, 1: 2, 2: 0, 3: 0, 4: 0}",1
195,False,"{'a': 0.08, 'e': 0.140884412904268}",25,0,-29.931349949163515,"{0: 23, 1: 0, 2: 0, 3: 1, 4: 1}",0
196,False,"{'a': 0.08, 'e': 0.13947556877522532}",30,18,20.372138886568855,"{0: 11, 1: 1, 2: 0, 3: 0, 4: 0}",1
197,False,"{'a': 0.08, 'e': 0.13808081308747308}",25,11,24.15686743705857,"{0: 14, 1: 0, 2: 0, 3: 0, 4: 0}",1
198,False,"{'a': 0.08, 'e': 0.13670000495659834}",20,12,13.092729403101984,"{0: 8, 1: 0, 2: 0, 3: 0, 4: 0}",1
199,False,"{'a': 0.08, 'e': 0.13533300490703237}",25,15,-2.747715770837592,"{0: 9, 1: 0, 2: 0, 3: 1, 4: 0}",1
200,False,"{'a': 0.08, 'e': 0.13397967485796206}",20,14,2.9502700653723712,"{0: 5, 1: 1, 2: 0, 3: 0, 4: 0}",1
201,False,"{'a': 0.08, 'e': 0.13263987810938244}",25,19,13.667009037743066,"{0: 6, 1: 0, 2: 0, 3: 0, 4: 0}",1
202,False,"{'a': 0.08, 'e': 0.1313134793282886}",25,12,25.324881940373476,"{0: 13, 1: 0, 2: 0, 3: 0, 4: 0}",1
203,False,"{'a': 0.08, 'e': 0.13000034453500572}",20,14,10.109407293270088,"{0: 6, 1: 0, 2: 0, 3: 0, 4: 0}",1
204,False,"{'a': 0.08, 'e': 0.12870034108965567}",30,8,25.286043250797338,"{0: 21, 1: 0, 2: 1, 3: 0, 4: 0}",1
205,False,"{'a': 0.08, 'e': 0.12741333767875912}",20,12,15.663362669868203,"{0: 8, 1: 0, 2: 0, 3: 0, 4: 0}",1
206,False,"{'a': 0.08, 'e': 0.12613920430197154}",20,3,25.127636908820733,"{0: 17, 1: 0, 2: 0, 3: 0, 4: 0}",1
207,False,"{'a': 0.08, 'e': 0.12487781225895182}",25,0,33.352590193891295,"{0: 24, 1: 1, 2: 0, 3: 0, 4: 0}",1
208,False,"{'a': 0.08, 'e': 0.12362903413636231}",20,1,22.362644203179503,"{0: 18, 1: 1, 2: 0, 3: 0, 4: 0}",1
209,False,"{'a': 0.08, 'e': 0.12239274379499869}",30,9,34.089490484408415,"{0: 21, 1: 0, 2: 0, 3: 0, 4: 0}",1
210,False,"{'a': 0.08, 'e': 0.12116881635704871}",25,12,27.76235030523335,"{0: 13, 1: 0, 2: 0, 3: 0, 4: 0}",1
211,False,"{'a': 0.08, 'e': 0.11995712819347822}",25,14,9.98653384076923,"{0: 10, 1: 0, 2: 1, 3: 0, 4: 0}",1
212,False,"{'a': 0.08, 'e': 0.11875755691154344}",25,16,18.12427447479234,"{0: 9, 1: 0, 2: 0, 3: 0, 4: 0}",1
213,False,"{'a': 0.08, 'e': 0.117569981342428}",20,16,7.625702227516777,"{0: 4, 1: 0, 2: 0, 3: 0, 4: 0}",1
214,False,"{'a': 0.08, 'e': 0.11639428152900373}",20,1,8.427784313912346,"{0: 17, 1: 0, 2: 2, 3: 0, 4: 0}",1
215,False,"{'a': 0.08, 'e': 0.1152303387137137}",20,14,10.148301128632497,"{0: 6, 1: 0, 2: 0, 3: 0, 4: 0}",1
216,False,"{'a': 0.08, 'e': 0.11407803532657657}",20,11,4.289830786007146,"{0: 8, 1: 0, 2: 1, 3: 0, 4: 0}",1
217,False,"{'a': 0.08, 'e': 0.1129372549733108}",30,16,4.7833954577689255,"{0: 12, 1: 0, 2: 2, 3: 0, 4: 0}",1
218,False,"{'a': 0.08, 'e': 0.11180788242357768}",20,11,4.845764822641907,"{0: 8, 1: 0, 2: 1, 3: 0, 4: 0}",1
219,False,"{'a': 0.08, 'e': 0.11068980359934191}",25,13,21.234419377215357,"{0: 12, 1: 0, 2: 0, 3: 0, 4: 0}",1
220,False,"{'a': 0.08, 'e': 0.10958290556334849}",25,17,15.420094730001983,"{0: 8, 1: 0, 2: 0, 3: 0, 4: 0}",1
221,False,"{'a': 0.08, 'e': 0.108487076507715}",30,0,43.19274325642525,"{0: 30, 1: 0, 2: 0, 3: 0, 4: 0}",0
222,False,"{'a': 0.08, 'e': 0.10740220574263784}",35,17,36.85360908411316,"{0: 18, 1: 0, 2: 0, 3: 0, 4: 0}",1
223,False,"{'a': 0.08, 'e': 0.10632818368521146}",25,13,22.65418709742761,"{0: 12, 1: 0, 2: 0, 3: 0, 4: 0}",1
224,False,"{'a': 0.08, 'e': 0.10526490184835935}",35,22,27.740584230597385,"{0: 13, 1: 0, 2: 0, 3: 0, 4: 0}",1
225,False,"{'a': 0.08, 'e': 0.10421225282987576}",20,13,11.40530644754636,"{0: 7, 1: 0, 2: 0, 3: 0, 4: 0}",1
226,False,"{'a': 0.08, 'e': 0.103170130301577}",25,8,21.1673426383158,"{0: 16, 1: 1, 2: 0, 3: 0, 4: 0}",1
227,False,"{'a': 0.08, 'e': 0.10213842899856122}",20,4,-28.38340777546159,"{0: 14, 1: 0, 2: 1, 3: 0, 4: 1}",1
228,False,"{'a': 0.08, 'e': 0.1011170447085756}",30,8,32.747483686923765,"{0: 21, 1: 1, 2: 0, 3: 0, 4: 0}",1
229,False,"{'a': 0.08, 'e': 0.10010587426148984}",30,23,12.201214599022464,"{0: 7, 1: 0, 2: 0, 3: 0, 4: 0}",1
230,False,"{'a': 0.08, 'e': 0.09910481551887494}",25,11,12.331661125055692,"{0: 12, 1: 2, 2: 0, 3: 0, 4: 0}",1
231,False,"{'a': 0.08, 'e': 0.0981137673636862}",20,6,25.005166710996455,"{0: 14, 1: 0, 2: 0, 3: 0, 4: 0}",1
232,False,"{'a': 0.08, 'e': 0.09713262969004934}",20,12,11.862683985107308,"{0: 8, 1: 0, 2: 0, 3: 0, 4: 0}",1
233,False,"{'a': 0.08, 'e': 0.09616130339314884}",20,0,22.624096030627918,"{0: 19, 1: 1, 2: 0, 3: 0, 4: 0}",0
234,False,"{'a': 0.08, 'e': 0.09519969035921735}",20,12,14.509923026833468,"{0: 8, 1: 0, 2: 0, 3: 0, 4: 0}",1
235,False,"{'a': 0.08, 'e': 0.09424769345562518}",20,5,26.218591894533255,"{0: 15, 1: 0, 2: 0, 3: 0, 4: 0}",1
236,False,"{'a': 0.08, 'e': 0.09330521652106893}",25,10,14.876536323674477,"{0: 14, 1: 1, 2: 0, 3: 0, 4: 0}",1
237,False,"{'a': 0.08, 'e': 0.09237216435585824}",25,0,21.08962358235017,"{0: 23, 1: 1, 2: 1, 3: 0, 4: 0}",0
238,False,"{'a': 0.08, 'e': 0.09144844271229965}",20,10,-4.461430306815665,"{0: 9, 1: 0, 2: 0, 3: 1, 4: 0}",1
239,False,"{'a': 0.08, 'e': 0.09053395828517666}",20,7,22.07894685354896,"{0: 13, 1: 0, 2: 0, 3: 0, 4: 0}",1
240,False,"{'a': 0.08, 'e': 0.08962861870232489}",25,3,33.89598809599169,"{0: 22, 1: 0, 2: 0, 3: 0, 4: 0}",1
241,False,"{'a': 0.08, 'e': 0.08873233251530163}",20,10,17.587156802971286,"{0: 10, 1: 0, 2: 0, 3: 0, 4: 0}",1
242,False,"{'a': 0.08, 'e': 0.08784500919014862}",35,11,38.84503794395307,"{0: 24, 1: 0, 2: 0, 3: 0, 4: 0}",1
243,False,"{'a': 0.08, 'e': 0.08696655909824713}",20,10,19.510583462279847,"{0: 10, 1: 0, 2: 0, 3: 0, 4: 0}",1
244,False,"{'a': 0.08, 'e': 0.08609689350726465}",20,13,15.31243149353538,"{0: 7, 1: 0, 2: 0, 3: 0, 4: 0}",1
245,False,"{'a': 0.08, 'e': 0.085235924572192}",25,12,19.644040886456786,"{0: 12, 1: 1, 2: 0, 3: 0, 4: 0}",1
246,False,"{'a': 0.08, 'e': 0.08438356532647008}",20,9,1.1305137338550868,"{0: 9, 1: 1, 2: 1, 3: 0, 4: 0}",1
247,False,"{'a': 0.08, 'e': 0.08353972967320537}",30,24,12.054074188090038,"{0: 6, 1: 0, 2: 0, 3: 0, 4: 0}",1
248,False,"{'a': 0.08, 'e': 0.08270433237647332}",20,10,15.055017255448721,"{0: 10, 1: 0, 2: 0, 3: 0, 4: 0}",1
249,False,"{'a': 0.08, 'e': 0.08187728905270858}",20,5,28.210649311186707,"{0: 15, 1: 0, 2: 0, 3: 0, 4: 0}",1
250,False,"{'a': 0.08, 'e': 0.08105851616218149}",25,1,-0.7714627752501606,"{0: 23, 1: 0, 2: 0, 3: 0, 4: 1}",1
251,False,"{'a': 0.08, 'e': 0.08024793100055967}",20,12,-40.645007912921436,"{0: 6, 1: 0, 2: 1, 3: 0, 4: 1}",1
252,False,"{'a': 0.08, 'e': 0.07944545169055407}",20,12,16.98449693030718,"{0: 8, 1: 0, 2: 0, 3: 0, 4: 0}",1
253,False,"{'a': 0.08, 'e': 0.07865099717364853}",25,12,24.207979451128985,"{0: 13, 1: 0, 2: 0, 3: 0, 4: 0}",1
254,False,"{'a': 0.08, 'e': 0.07786448720191204}",25,2,31.699658401627076,"{0: 23, 1: 0, 2: 0, 3: 0, 4: 0}",1
255,False,"{'a': 0.08, 'e': 0.07708584232989292}",20,0,30.66248307611481,"{0: 20, 1: 0, 2: 0, 3: 0, 4: 0}",0
256,False,"{'a': 0.08, 'e': 0.076314983906594}",20,0,-8.572540320919936,"{0: 19, 1: 0, 2: 0, 3: 0, 4: 1}",0
257,False,"{'a': 0.08, 'e': 0.07555183406752805}",20,2,22.02386415697199,"{0: 17, 1: 0, 2: 1, 3: 0, 4: 0}",1
258,False,"{'a': 0.08, 'e': 0.07479631572685277}",30,12,33.67002685257737,"{0: 18, 1: 0, 2: 0, 3: 0, 4: 0}",1
259,False,"{'a': 0.08, 'e': 0.07404835256958425}",30,4,23.30859109858568,"{0: 24, 1: 1, 2: 1, 3: 0, 4: 0}",1
260,False,"{'a': 0.08, 'e': 0.0733078690438884}",20,8,-15.947773814512239,"{0: 11, 1: 0, 2: 0, 3: 0, 4: 1}",1
261,False,"{'a': 0.08, 'e': 0.07257479035344952}",25,8,32.48607194440851,"{0: 17, 1: 0, 2: 0, 3: 0, 4: 0}",1
262,False,"{'a': 0.08, 'e': 0.07184904244991502}",20,13,-0.2085981134662951,"{0: 6, 1: 0, 2: 1, 3: 0, 4: 0}",1
263,False,"{'a': 0.08, 'e': 0.07113055202541588}",20,7,25.49091928962605,"{0: 13, 1: 0, 2: 0, 3: 0, 4: 0}",1
264,False,"{'a': 0.08, 'e': 0.07041924650516172}",25,13,-0.6240535420687565,"{0: 11, 1: 0, 2: 0, 3: 1, 4: 0}",1
265,False,"{'a': 0.08, 'e': 0.06971505404011011}",20,10,16.258419078685552,"{0: 10, 1: 0, 2: 0, 3: 0, 4: 0}",1
266,False,"{'a': 0.08, 'e': 0.069017903499709}",20,11,13.958813145986484,"{0: 9, 1: 0, 2: 0, 3: 0, 4: 0}",1
267,False,"{'a': 0.08, 'e': 0.06832772446471191}",20,4,14.793083028445757,"{0: 15, 1: 0, 2: 1, 3: 0, 4: 0}",1
268,False,"{'a': 0.08, 'e': 0.0676444472200648}",20,8,23.82010800158927,"{0: 12, 1: 0, 2: 0, 3: 0, 4: 0}",1
269,False,"{'a': 0.08, 'e': 0.06696800274786414}",30,17,14.875893184972455,"{0: 12, 1: 1, 2: 0, 3: 0, 4: 0}",1
270,False,"{'a': 0.08, 'e': 0.06629832272038551}",20,0,17.704727440177862,"{0: 19, 1: 0, 2: 1, 3: 0, 4: 0}",0
271,False,"{'a': 0.08, 'e': 0.06563533949318165}",30,1,36.176910727314834,"{0: 28, 1: 1, 2: 0, 3: 0, 4: 0}",1
272,False,"{'a': 0.08, 'e': 0.06497898609824983}",30,4,37.43320348342573,"{0: 26, 1: 0, 2: 0, 3: 0, 4: 0}",1
273,False,"{'a': 0.08, 'e': 0.06432919623726734}",20,2,11.737171377926403,"{0: 17, 1: 0, 2: 1, 3: 0, 4: 0}",1
274,False,"{'a': 0.08, 'e': 0.06368590427489466}",20,7,22.470411209276442,"{0: 13, 1: 0, 2: 0, 3: 0, 4: 0}",1
275,False,"{'a': 0.08, 'e': 0.06304904523214572}",20,0,21.026768433649377,"{0: 20, 1: 0, 2: 0, 3: 0, 4: 0}",0
276,False,"{'a': 0.08, 'e': 0.06241855477982426}",20,8,2.2132550432162508,"{0: 10, 1: 1, 2: 1, 3: 0, 4: 0}",1
277,False,"{'a': 0.08, 'e': 0.06179436923202602}",25,5,20.659384295372128,"{0: 19, 1: 0, 2: 1, 3: 0, 4: 0}",1
278,False,"{'a': 0.08, 'e': 0.06117642553970576}",25,10,26.841871971255152,"{0: 15, 1: 0, 2: 0, 3: 0, 4: 0}",1
279,False,"{'a': 0.08, 'e': 0.0605646612843087}",25,7,19.538866666811128,"{0: 17, 1: 0, 2: 1, 3: 0, 4: 0}",1
280,False,"{'a': 0.08, 'e': 0.05995901467146561}",25,15,22.285188702292594,"{0: 10, 1: 0, 2: 0, 3: 0, 4: 0}",1
281,False,"{'a': 0.08, 'e': 0.05935942452475095}",25,11,24.315004443380914,"{0: 14, 1: 0, 2: 0, 3: 0, 4: 0}",1
282,False,"{'a': 0.08, 'e': 0.05876583027950344}",30,16,6.257165770228357,"{0: 12, 1: 1, 2: 1, 3: 0, 4: 0}",1
283,False,"{'a': 0.08, 'e': 0.0581781719767084}",25,19,10.881383829692407,"{0: 6, 1: 0, 2: 0, 3: 0, 4: 0}",1
284,False,"{'a': 0.08, 'e': 0.05759639025694132}",25,14,20.018931992960994,"{0: 11, 1: 0, 2: 0, 3: 0, 4: 0}",1
285,False,"{'a': 0.08, 'e': 0.057020426354371906}",20,3,28.105068757910217,"{0: 17, 1: 0, 2: 0, 3: 0, 4: 0}",1
286,False,"{'a': 0.08, 'e': 0.05645022209082819}",20,8,21.058485366149572,"{0: 12, 1: 0, 2: 0, 3: 0, 4: 0}",1
287,False,"{'a': 0.08, 'e': 0.05588571986991991}",20,16,7.755101431281332,"{0: 4, 1: 0, 2: 0, 3: 0, 4: 0}",1
288,False,"{'a': 0.08, 'e': 0.05532686267122071}",30,11,35.754933237867284,"{0: 19, 1: 0, 2: 0, 3: 0, 4: 0}",1
289,False,"{'a': 0.08, 'e': 0.0547735940445085}",20,14,9.615340870298986,"{0: 6, 1: 0, 2: 0, 3: 0, 4: 0}",1
290,False,"{'a': 0.08, 'e': 0.05422585810406342}",20,13,8.95821729544251,"{0: 7, 1: 0, 2: 0, 3: 0, 4: 0}",1
291,False,"{'a': 0.08, 'e': 0.05368359952302278}",20,8,20.424435227329877,"{0: 12, 1: 0, 2: 0, 3: 0, 4: 0}",1
292,False,"{'a': 0.08, 'e': 0.05314676352779255}",25,17,17.269132305097322,"{0: 8, 1: 0, 2: 0, 3: 0, 4: 0}",1
293,False,"{'a': 0.08, 'e': 0.052615295892514624}",20,9,12.861740848440927,"{0: 10, 1: 1, 2: 0, 3: 0, 4: 0}",1
294,False,"{'a': 0.08, 'e': 0.052089142933589475}",25,14,22.860331731356993,"{0: 11, 1: 0, 2: 0, 3: 0, 4: 0}",1
295,False,"{'a': 0.08, 'e': 0.05156825150425358}",25,6,30.448226668210125,"{0: 18, 1: 1, 2: 0, 3: 0, 4: 0}",1
296,False,"{'a': 0.08, 'e': 0.051052568989211046}",20,13,11.593215265809665,"{0: 7, 1: 0, 2: 0, 3: 0, 4: 0}",1
297,False,"{'a': 0.08, 'e': 0.05054204329931893}",20,10,15.48713254396391,"{0: 10, 1: 0, 2: 0, 3: 0, 4: 0}",1
298,False,"{'a': 0.08, 'e': 0.05003662286632574}",20,2,31.20800335068819,"{0: 18, 1: 0, 2: 0, 3: 0, 4: 0}",1
299,False,"{'a': 0.08, 'e': 0.049536256637662486}",25,15,18.33335087844647,"{0: 10, 1: 0, 2: 0, 3: 0, 4: 0}",1
300,False,"{'a': 0.08, 'e': 0.04904089407128586}",30,22,16.48336236471782,"{0: 8, 1: 0, 2: 0, 3: 0, 4: 0}",1
301,False,"{'a': 0.08, 'e': 0.048550485130573}",20,2,28.616755174591486,"{0: 18, 1: 0, 2: 0, 3: 0, 4: 0}",1
302,False,"{'a': 0.08, 'e': 0.04806498027926727}",25,14,18.05393635222985,"{0: 11, 1: 0, 2: 0, 3: 0, 4: 0}",1
303,False,"{'a': 0.08, 'e': 0.0475843304764746}",20,11,18.446333788853654,"{0: 9, 1: 0, 2: 0, 3: 0, 4: 0}",1
304,False,"{'a': 0.08, 'e': 0.04710848717170985}",25,17,14.394646132806852,"{0: 8, 1: 0, 2: 0, 3: 0, 4: 0}",1
305,False,"{'a': 0.08, 'e': 0.046637402299992754}",20,5,23.042231667394258,"{0: 15, 1: 0, 2: 0, 3: 0, 4: 0}",1
306,False,"{'a': 0.08, 'e': 0.04617102827699283}",20,9,20.346400515007424,"{0: 11, 1: 0, 2: 0, 3: 0, 4: 0}",1
307,False,"{'a': 0.08, 'e': 0.0457093179942229}",30,15,27.626216680307692,"{0: 15, 1: 0, 2: 0, 3: 0, 4: 0}",1
308,False,"{'a': 0.08, 'e': 0.04525222481428067}",20,15,8.154814923769017,"{0: 5, 1: 0, 2: 0, 3: 0, 4: 0}",1
309,False,"{'a': 0.08, 'e': 0.04479970256613786}",20,12,13.95527813076825,"{0: 8, 1: 0, 2: 0, 3: 0, 4: 0}",1
310,False,"{'a': 0.08, 'e': 0.04435170554047648}",20,13,12.426864544374366,"{0: 7, 1: 0, 2: 0, 3: 0, 4: 0}",1
311,False,"{'a': 0.08, 'e': 0.04390818848507172}",25,11,23.623663931402714,"{0: 14, 1: 0, 2: 0, 3: 0, 4: 0}",1
312,False,"{'a': 0.08, 'e': 0.043469106600221005}",25,9,17.966229091070016,"{0: 15, 1: 0, 2: 1, 3: 0, 4: 0}",1
313,False,"{'a': 0.08, 'e': 0.043034415534218794}",30,21,16.164994648421867,"{0: 9, 1: 0, 2: 0, 3: 0, 4: 0}",1
314,False,"{'a': 0.08, 'e': 0.042604071378876604}",20,8,22.712773273664553,"{0: 12, 1: 0, 2: 0, 3: 0, 4: 0}",1
315,False,"{'a': 0.08, 'e': 0.04217803066508784}",20,13,12.56881054647776,"{0: 7, 1: 0, 2: 0, 3: 0, 4: 0}",1
316,False,"{'a': 0.08, 'e': 0.041756250358436955}",20,13,8.97224809874959,"{0: 7, 1: 0, 2: 0, 3: 0, 4: 0}",1
317,False,"{'a': 0.08, 'e': 0.041338687854852584}",20,5,25.348462462729646,"{0: 15, 1: 0, 2: 0, 3: 0, 4: 0}",1
318,False,"{'a': 0.08, 'e': 0.040925300976304056}",25,9,27.295015867086647,"{0: 16, 1: 0, 2: 0, 3: 0, 4: 0}",1
319,False,"{'a': 0.08, 'e': 0.04051604796654101}",25,8,30.259763568923635,"{0: 17, 1: 0, 2: 0, 3: 0, 4: 0}",1
320,False,"{'a': 0.08, 'e': 0.0401108874868756}",20,7,23.977633384079976,"{0: 13, 1: 0, 2: 0, 3: 0, 4: 0}",1
321,False,"{'a': 0.08, 'e': 0.03970977861200684}",20,8,9.003755738711416,"{0: 11, 1: 0, 2: 1, 3: 0, 4: 0}",1
322,False,"{'a': 0.08, 'e': 0.03931268082588677}",20,11,16.945390067955728,"{0: 9, 1: 0, 2: 0, 3: 0, 4: 0}",1
323,False,"{'a': 0.08, 'e': 0.0389195540176279}",30,13,33.25455015221195,"{0: 17, 1: 0, 2: 0, 3: 0, 4: 0}",1
324,False,"{'a': 0.08, 'e': 0.03853035847745162}",25,13,19.830686167424865,"{0: 12, 1: 0, 2: 0, 3: 0, 4: 0}",1
325,False,"{'a': 0.08, 'e': 0.038145054892677104}",20,0,32.38725711164624,"{0: 20, 1: 0, 2: 0, 3: 0, 4: 0}",0
326,False,"{'a': 0.08, 'e': 0.03776360434375033}",20,14,13.485003423597187,"{0: 6, 1: 0, 2: 0, 3: 0, 4: 0}",1
327,False,"{'a': 0.08, 'e': 0.03738596830031283}",20,0,26.96104535037448,"{0: 20, 1: 0, 2: 0, 3: 0, 4: 0}",0
328,False,"{'a': 0.08, 'e': 0.0370121086173097}",25,14,19.86946565561919,"{0: 11, 1: 0, 2: 0, 3: 0, 4: 0}",1
329,False,"{'a': 0.08, 'e': 0.0366419875311366}",20,0,31.104358636640757,"{0: 20, 1: 0, 2: 0, 3: 0, 4: 0}",0
330,False,"{'a': 0.08, 'e': 0.036275567655825236}",20,13,13.158320012561141,"{0: 7, 1: 0, 2: 0, 3: 0, 4: 0}",1
331,False,"{'a': 0.08, 'e': 0.03591281197926698}",25,9,26.64816231533886,"{0: 16, 1: 0, 2: 0, 3: 0, 4: 0}",1
332,False,"{'a': 0.08, 'e': 0.035553683859474314}",20,12,16.637118613535367,"{0: 8, 1: 0, 2: 0, 3: 0, 4: 0}",1
333,False,"{'a': 0.08, 'e': 0.03519814702087957}",25,0,42.540534600137605,"{0: 25, 1: 0, 2: 0, 3: 0, 4: 0}",0
334,False,"{'a': 0.08, 'e': 0.03484616555067077}",25,17,14.990156447124148,"{0: 8, 1: 0, 2: 0, 3: 0, 4: 0}",1
335,False,"{'a': 0.08, 'e': 0.034497703895164065}",20,1,26.911781938410027,"{0: 19, 1: 0, 2: 0, 3: 0, 4: 0}",1
336,False,"{'a': 0.08, 'e': 0.03415272685621242}",20,11,16.96729347716915,"{0: 9, 1: 0, 2: 0, 3: 0, 4: 0}",1
337,False,"{'a': 0.08, 'e': 0.0338111995876503}",20,9,10.609602703180332,"{0: 10, 1: 0, 2: 1, 3: 0, 4: 0}",1
338,False,"{'a': 0.08, 'e': 0.033473087591773795}",20,3,27.773601074594662,"{0: 17, 1: 0, 2: 0, 3: 0, 4: 0}",1
339,False,"{'a': 0.08, 'e': 0.033138356715856056}",20,11,13.147949010426494,"{0: 9, 1: 0, 2: 0, 3: 0, 4: 0}",1
340,False,"{'a': 0.08, 'e': 0.032806973148697495}",20,8,5.495975666075688,"{0: 11, 1: 0, 2: 1, 3: 0, 4: 0}",1
341,False,"{'a': 0.08, 'e': 0.03247890341721052}",20,16,8.732162638556797,"{0: 4, 1: 0, 2: 0, 3: 0, 4: 0}",1
342,False,"{'a': 0.08, 'e': 0.03215411438303841}",20,6,24.827638401265656,"{0: 14, 1: 0, 2: 0, 3: 0, 4: 0}",1
343,False,"{'a': 0.08, 'e': 0.031832573239208024}",20,12,16.7560628719281,"{0: 8, 1: 0, 2: 0, 3: 0, 4: 0}",1
344,False,"{'a': 0.08, 'e': 0.031514247506815946}",20,13,15.033260127948385,"{0: 7, 1: 0, 2: 0, 3: 0, 4: 0}",1
345,False,"{'a': 0.08, 'e': 0.031199105031747786}",25,13,24.119434980525735,"{0: 12, 1: 0, 2: 0, 3: 0, 4: 0}",1
346,False,"{'a': 0.08, 'e': 0.03088711398143031}",25,9,2.6070832784732922,"{0: 14, 1: 1, 2: 0, 3: 1, 4: 0}",1
347,False,"{'a': 0.08, 'e': 0.030578242841616005}",20,13,-6.647568648218056,"{0: 5, 1: 1, 2: 1, 3: 0, 4: 0}",1
348,False,"{'a': 0.08, 'e': 0.030272460413199843}",25,11,24.935905998734512,"{0: 14, 1: 0, 2: 0, 3: 0, 4: 0}",1
349,False,"{'a': 0.08, 'e': 0.029969735809067845}",20,11,15.865235226907782,"{0: 9, 1: 0, 2: 0, 3: 0, 4: 0}",1
350,False,"{'a': 0.08, 'e': 0.029670038450977168}",20,14,8.657511088195948,"{0: 6, 1: 0, 2: 0, 3: 0, 4: 0}",1
351,False,"{'a': 0.08, 'e': 0.029373338066467396}",30,22,14.409961983801962,"{0: 8, 1: 0, 2: 0, 3: 0, 4: 0}",1
352,False,"{'a': 0.08, 'e': 0.029079604685802722}",20,6,24.338467597248496,"{0: 14, 1: 0, 2: 0, 3: 0, 4: 0}",1
353,False,"{'a': 0.08, 'e': 0.028788808638944695}",20,7,24.4135808122183,"{0: 13, 1: 0, 2: 0, 3: 0, 4: 0}",1
354,False,"{'a': 0.08, 'e': 0.028500920552555247}",25,0,36.414438873366144,"{0: 25, 1: 0, 2: 0, 3: 0, 4: 0}",0
355,False,"{'a': 0.08, 'e': 0.028215911347029693}",20,16,8.271769879537326,"{0: 4, 1: 0, 2: 0, 3: 0, 4: 0}",1
356,False,"{'a': 0.08, 'e': 0.027933752233559397}",20,14,9.157726690860233,"{0: 6, 1: 0, 2: 0, 3: 0, 4: 0}",1
357,False,"{'a': 0.08, 'e': 0.027654414711223804}",20,10,19.257080042513795,"{0: 10, 1: 0, 2: 0, 3: 0, 4: 0}",1
358,False,"{'a': 0.08, 'e': 0.027377870564111565}",25,11,21.91912032754987,"{0: 14, 1: 0, 2: 0, 3: 0, 4: 0}",1
359,False,"{'a': 0.08, 'e': 0.027104091858470448}",25,11,28.445243987169736,"{0: 14, 1: 0, 2: 0, 3: 0, 4: 0}",1
360,False,"{'a': 0.08, 'e': 0.026833050939885743}",20,16,9.089745575155261,"{0: 4, 1: 0, 2: 0, 3: 0, 4: 0}",1
361,False,"{'a': 0.08, 'e': 0.026564720430486886}",20,10,20.04161396100026,"{0: 10, 1: 0, 2: 0, 3: 0, 4: 0}",1
362,False,"{'a': 0.08, 'e': 0.026299073226182017}",20,0,30.595493898005703,"{0: 20, 1: 0, 2: 0, 3: 0, 4: 0}",0
363,False,"{'a': 0.08, 'e': 0.026036082493920195}",20,10,13.61537382924143,"{0: 10, 1: 0, 2: 0, 3: 0, 4: 0}",1
364,False,"{'a': 0.08, 'e': 0.025775721668980994}",20,15,2.450041226006568,"{0: 4, 1: 1, 2: 0, 3: 0, 4: 0}",1
365,False,"{'a': 0.08, 'e': 0.025517964452291184}",30,8,14.308709577280723,"{0: 21, 1: 0, 2: 0, 3: 1, 4: 0}",1
366,False,"{'a': 0.08, 'e': 0.025262784807768272}",25,12,23.585848273195346,"{0: 13, 1: 0, 2: 0, 3: 0, 4: 0}",1
367,False,"{'a': 0.08, 'e': 0.02501015695969059}",35,7,47.997284610762925,"{0: 28, 1: 0, 2: 0, 3: 0, 4: 0}",1
368,False,"{'a': 0.08, 'e': 0.024760055390093683}",25,11,28.3546753828252,"{0: 14, 1: 0, 2: 0, 3: 0, 4: 0}",1
369,False,"{'a': 0.08, 'e': 0.024512454836192746}",20,11,20.950678073255915,"{0: 9, 1: 0, 2: 0, 3: 0, 4: 0}",1
370,False,"{'a': 0.08, 'e': 0.02426733028783082}",20,10,18.2833153907145,"{0: 10, 1: 0, 2: 0, 3: 0, 4: 0}",1
371,False,"{'a': 0.08, 'e': 0.02402465698495251}",25,15,19.061498079453163,"{0: 10, 1: 0, 2: 0, 3: 0, 4: 0}",1
372,False,"{'a': 0.08, 'e': 0.023784410415102986}",25,1,41.231752977398024,"{0: 24, 1: 0, 2: 0, 3: 0, 4: 0}",1
373,False,"{'a': 0.08, 'e': 0.023546566310951957}",20,14,10.315857819152784,"{0: 6, 1: 0, 2: 0, 3: 0, 4: 0}",1
374,False,"{'a': 0.08, 'e': 0.023311100647842437}",25,15,22.30564084900626,"{0: 10, 1: 0, 2: 0, 3: 0, 4: 0}",1
375,False,"{'a': 0.08, 'e': 0.023077989641364014}",30,18,7.163564058818224,"{0: 11, 1: 0, 2: 1, 3: 0, 4: 0}",1
376,False,"{'a': 0.08, 'e': 0.022847209744950372}",20,14,10.547233336289938,"{0: 6, 1: 0, 2: 0, 3: 0, 4: 0}",1
377,False,"{'a': 0.08, 'e': 0.02261873764750087}",25,14,17.6218122420784,"{0: 11, 1: 0, 2: 0, 3: 0, 4: 0}",1
378,False,"{'a': 0.08, 'e': 0.02239255027102586}",20,8,15.554941835494414,"{0: 12, 1: 0, 2: 0, 3: 0, 4: 0}",1
379,False,"{'a': 0.08, 'e': 0.0221686247683156}",20,7,10.833078914780257,"{0: 12, 1: 1, 2: 0, 3: 0, 4: 0}",1
380,False,"{'a': 0.08, 'e': 0.021946938520632443}",25,5,28.949447126579393,"{0: 20, 1: 0, 2: 0, 3: 0, 4: 0}",1
381,False,"{'a': 0.08, 'e': 0.021727469135426117}",20,10,19.544491145186413,"{0: 10, 1: 0, 2: 0, 3: 0, 4: 0}",1
382,False,"{'a': 0.08, 'e': 0.021510194444071856}",20,6,16.986693533072764,"{0: 13, 1: 1, 2: 0, 3: 0, 4: 0}",1
383,False,"{'a': 0.08, 'e': 0.021295092499631137}",20,16,8.351926269568729,"{0: 4, 1: 0, 2: 0, 3: 0, 4: 0}",1
384,False,"{'a': 0.08, 'e': 0.021082141574634825}",25,9,27.1687849668502,"{0: 16, 1: 0, 2: 0, 3: 0, 4: 0}",1
385,False,"{'a': 0.08, 'e': 0.020871320158888478}",20,10,20.63778563405593,"{0: 10, 1: 0, 2: 0, 3: 0, 4: 0}",1
386,False,"{'a': 0.08, 'e': 0.020662606957299594}",25,14,22.402046825878507,"{0: 11, 1: 0, 2: 0, 3: 0, 4: 0}",1
387,False,"{'a': 0.08, 'e': 0.0204559808877266}",30,0,34.035317113289494,"{0: 29, 1: 0, 2: 1, 3: 0, 4: 0}",0
388,False,"{'a': 0.08, 'e': 0.020251421078849332}",25,15,14.79004008032668,"{0: 10, 1: 0, 2: 0, 3: 0, 4: 0}",1
389,False,"{'a': 0.08, 'e': 0.02004890686806084}",25,0,42.649598745595625,"{0: 25, 1: 0, 2: 0, 3: 0, 4: 0}",0
390,False,"{'a': 0.08, 'e': 0.019848417799380232}",30,13,33.18280893274276,"{0: 17, 1: 0, 2: 0, 3: 0, 4: 0}",1
391,False,"{'a': 0.08, 'e': 0.01964993362138643}",25,20,10.296486807318075,"{0: 5, 1: 0, 2: 0, 3: 0, 4: 0}",1
392,False,"{'a': 0.08, 'e': 0.019453434285172565}",20,6,26.61731549194353,"{0: 14, 1: 0, 2: 0, 3: 0, 4: 0}",1
393,False,"{'a': 0.08, 'e': 0.01925889994232084}",30,2,42.46300823775387,"{0: 28, 1: 0, 2: 0, 3: 0, 4: 0}",1
394,False,"{'a': 0.08, 'e': 0.01906631094289763}",20,0,25.59313637932563,"{0: 20, 1: 0, 2: 0, 3: 0, 4: 0}",0
395,False,"{'a': 0.08, 'e': 0.018875647833468654}",25,11,26.78893303792057,"{0: 14, 1: 0, 2: 0, 3: 0, 4: 0}",1
396,False,"{'a': 0.08, 'e': 0.018686891355133968}",20,6,24.096916086324857,"{0: 14, 1: 0, 2: 0, 3: 0, 4: 0}",1
397,False,"{'a': 0.08, 'e': 0.01850002244158263}",25,12,25.63949303929997,"{0: 13, 1: 0, 2: 0, 3: 0, 4: 0}",1
398,False,"{'a': 0.08, 'e': 0.018315022217166802}",20,1,29.802480440370495,"{0: 19, 1: 0, 2: 0, 3: 0, 4: 0}",1
399,False,"{'a': 0.08, 'e': 0.018131871994995136}",30,7,36.707163941400864,"{0: 23, 1: 0, 2: 0, 3: 0, 4: 0}",1
400,False,"{'a': 0.08, 'e': 0.017950553275045186}",25,13,22.189743100875575,"{0: 12, 1: 0, 2: 0, 3: 0, 4: 0}",1
401,False,"{'a': 0.08, 'e': 0.017771047742294734}",20,0,25.207191096186776,"{0: 20, 1: 0, 2: 0, 3: 0, 4: 0}",0
402,False,"{'a': 0.08, 'e': 0.017593337264871788}",20,3,29.514781798923188,"{0: 17, 1: 0, 2: 0, 3: 0, 4: 0}",1
403,False,"{'a': 0.08, 'e': 0.01741740389222307}",20,10,19.721196673554317,"{0: 10, 1: 0, 2: 0, 3: 0, 4: 0}",1
404,False,"{'a': 0.08, 'e': 0.017243229853300842}",20,8,18.379931746979363,"{0: 12, 1: 0, 2: 0, 3: 0, 4: 0}",1
405,False,"{'a': 0.08, 'e': 0.017070797554767835}",30,23,12.560000123081158,"{0: 7, 1: 0, 2: 0, 3: 0, 4: 0}",1
406,False,"{'a': 0.08, 'e': 0.016900089579220155}",30,18,17.30494737715659,"{0: 12, 1: 0, 2: 0, 3: 0, 4: 0}",1
407,False,"{'a': 0.08, 'e': 0.016731088683427955}",30,12,32.620431482455196,"{0: 18, 1: 0, 2: 0, 3: 0, 4: 0}",1
408,False,"{'a': 0.08, 'e': 0.016563777796593675}",25,19,12.667887856410868,"{0: 6, 1: 0, 2: 0, 3: 0, 4: 0}",1
409,False,"{'a': 0.08, 'e': 0.016398140018627737}",30,12,27.186322511004423,"{0: 18, 1: 0, 2: 0, 3: 0, 4: 0}",1
410,False,"{'a': 0.08, 'e': 0.01623415861844146}",25,11,20.29240068661172,"{0: 14, 1: 0, 2: 0, 3: 0, 4: 0}",1
411,False,"{'a': 0.08, 'e': 0.016071817032257046}",20,12,13.819121909549091,"{0: 8, 1: 0, 2: 0, 3: 0, 4: 0}",1
412,False,"{'a': 0.08, 'e': 0.015911098861934477}",20,1,35.07131065476562,"{0: 19, 1: 0, 2: 0, 3: 0, 4: 0}",1
413,False,"{'a': 0.08, 'e': 0.015751987873315134}",20,1,30.19443325336556,"{0: 19, 1: 0, 2: 0, 3: 0, 4: 0}",1
414,False,"{'a': 0.08, 'e': 0.015594467994581983}",25,13,6.89944018554399,"{0: 11, 1: 0, 2: 1, 3: 0, 4: 0}",1
415,False,"{'a': 0.08, 'e': 0.015438523314636163}",20,8,7.868180419985878,"{0: 11, 1: 0, 2: 1, 3: 0, 4: 0}",1
416,False,"{'a': 0.08, 'e': 0.015284138081489802}",20,10,19.96678243171999,"{0: 10, 1: 0, 2: 0, 3: 0, 4: 0}",1
417,False,"{'a': 0.08, 'e': 0.015131296700674904}",25,14,21.414466768784695,"{0: 11, 1: 0, 2: 0, 3: 0, 4: 0}",1
418,False,"{'a': 0.08, 'e': 0.014979983733668155}",25,11,24.166233008185852,"{0: 14, 1: 0, 2: 0, 3: 0, 4: 0}",1
419,False,"{'a': 0.08, 'e': 0.014830183896331473}",25,19,12.37720374441448,"{0: 6, 1: 0, 2: 0, 3: 0, 4: 0}",1
420,False,"{'a': 0.08, 'e': 0.014681882057368157}",30,21,18.221003953147605,"{0: 9, 1: 0, 2: 0, 3: 0, 4: 0}",1
421,False,"{'a': 0.08, 'e': 0.014535063236794475}",30,23,13.362341654689788,"{0: 7, 1: 0, 2: 0, 3: 0, 4: 0}",1
422,False,"{'a': 0.08, 'e': 0.01438971260442653}",20,15,9.050685525265408,"{0: 5, 1: 0, 2: 0, 3: 0, 4: 0}",1
423,False,"{'a': 0.08, 'e': 0.014245815478382265}",20,12,13.94056436526163,"{0: 8, 1: 0, 2: 0, 3: 0, 4: 0}",1
424,False,"{'a': 0.08, 'e': 0.014103357323598442}",25,10,16.184620810136398,"{0: 14, 1: 0, 2: 1, 3: 0, 4: 0}",1
425,False,"{'a': 0.08, 'e': 0.013962323750362457}",25,16,13.282392337423516,"{0: 9, 1: 0, 2: 0, 3: 0, 4: 0}",1
426,False,"{'a': 0.08, 'e': 0.013822700512858832}",30,16,24.205876827436153,"{0: 14, 1: 0, 2: 0, 3: 0, 4: 0}",1
427,False,"{'a': 0.08, 'e': 0.013684473507730244}",20,6,21.91411877852847,"{0: 14, 1: 0, 2: 0, 3: 0, 4: 0}",1
428,False,"{'a': 0.08, 'e': 0.013547628772652942}",25,17,16.11067900482448,"{0: 8, 1: 0, 2: 0, 3: 0, 4: 0}",1
429,False,"{'a': 0.08, 'e': 0.013412152484926413}",20,16,5.959898668366254,"{0: 4, 1: 0, 2: 0, 3: 0, 4: 0}",1
430,False,"{'a': 0.08, 'e': 0.01327803096007715}",20,14,12.193708332807914,"{0: 6, 1: 0, 2: 0, 3: 0, 4: 0}",1
431,False,"{'a': 0.08, 'e': 0.013145250650476378}",20,15,10.387912678261518,"{0: 5, 1: 0, 2: 0, 3: 0, 4: 0}",1
432,False,"{'a': 0.08, 'e': 0.013013798143971614}",20,2,19.682077601967503,"{0: 17, 1: 1, 2: 0, 3: 0, 4: 0}",1
433,False,"{'a': 0.08, 'e': 0.012883660162531898}",20,7,22.652819079033943,"{0: 13, 1: 0, 2: 0, 3: 0, 4: 0}",1
434,False,"{'a': 0.08, 'e': 0.012754823560906578}",35,22,13.573103716173959,"{0: 12, 1: 1, 2: 0, 3: 0, 4: 0}",1
435,False,"{'a': 0.08, 'e': 0.012627275325297513}",20,10,16.29945423152361,"{0: 10, 1: 0, 2: 0, 3: 0, 4: 0}",1
436,False,"{'a': 0.08, 'e': 0.012501002572044537}",25,14,22.208957031184905,"{0: 11, 1: 0, 2: 0, 3: 0, 4: 0}",1
437,False,"{'a': 0.08, 'e': 0.012375992546324092}",20,4,25.554527393740173,"{0: 16, 1: 0, 2: 0, 3: 0, 4: 0}",1
438,False,"{'a': 0.08, 'e': 0.012252232620860852}",35,20,27.171396769999685,"{0: 15, 1: 0, 2: 0, 3: 0, 4: 0}",1
439,False,"{'a': 0.08, 'e': 0.012129710294652244}",20,9,18.198210482662564,"{0: 11, 1: 0, 2: 0, 3: 0, 4: 0}",1
440,False,"{'a': 0.08, 'e': 0.012008413191705722}",20,14,11.11291567638791,"{0: 6, 1: 0, 2: 0, 3: 0, 4: 0}",1
441,False,"{'a': 0.08, 'e': 0.011888329059788665}",20,0,27.560278225794466,"{0: 20, 1: 0, 2: 0, 3: 0, 4: 0}",0
442,False,"{'a': 0.08, 'e': 0.011769445769190779}",25,13,25.817164566714833,"{0: 12, 1: 0, 2: 0, 3: 0, 4: 0}",1
443,False,"{'a': 0.08, 'e': 0.01165175131149887}",20,11,16.31985182573516,"{0: 9, 1: 0, 2: 0, 3: 0, 4: 0}",1
444,False,"{'a': 0.08, 'e': 0.011535233798383882}",35,10,47.913118417803425,"{0: 25, 1: 0, 2: 0, 3: 0, 4: 0}",1
445,False,"{'a': 0.08, 'e': 0.011419881460400044}",20,5,25.25274493077429,"{0: 15, 1: 0, 2: 0, 3: 0, 4: 0}",1
446,False,"{'a': 0.08, 'e': 0.011305682645796044}",25,1,23.422467250352696,"{0: 23, 1: 0, 2: 1, 3: 0, 4: 0}",1
447,False,"{'a': 0.08, 'e': 0.011192625819338085}",20,9,21.08683556975107,"{0: 11, 1: 0, 2: 0, 3: 0, 4: 0}",1
448,False,"{'a': 0.08, 'e': 0.011080699561144703}",30,15,26.78835920107273,"{0: 15, 1: 0, 2: 0, 3: 0, 4: 0}",1
449,False,"{'a': 0.08, 'e': 0.010969892565533256}",30,8,40.4495484784157,"{0: 22, 1: 0, 2: 0, 3: 0, 4: 0}",1
450,False,"{'a': 0.08, 'e': 0.010860193639877924}",20,8,23.386255372778606,"{0: 12, 1: 0, 2: 0, 3: 0, 4: 0}",1
451,False,"{'a': 0.08, 'e': 0.010751591703479144}",25,11,25.86881225278015,"{0: 14, 1: 0, 2: 0, 3: 0, 4: 0}",1
452,False,"{'a': 0.08, 'e': 0.010644075786444353}",25,10,26.361728374953934,"{0: 15, 1: 0, 2: 0, 3: 0, 4: 0}",1
453,False,"{'a': 0.08, 'e': 0.01053763502857991}",20,10,14.284550047853344,"{0: 10, 1: 0, 2: 0, 3: 0, 4: 0}",1
454,False,"{'a': 0.08, 'e': 0.01043225867829411}",30,23,10.94536132724493,"{0: 7, 1: 0, 2: 0, 3: 0, 4: 0}",1
455,False,"{'a': 0.08, 'e': 0.01032793609151117}",20,7,12.18771757559007,"{0: 12, 1: 0, 2: 1, 3: 0, 4: 0}",1
456,False,"{'a': 0.08, 'e': 0.010224656730596058}",30,20,20.04423240782143,"{0: 10, 1: 0, 2: 0, 3: 0, 4: 0}",1
457,False,"{'a': 0.08, 'e': 0.010122410163290097}",20,14,12.313166184832804,"{0: 6, 1: 0, 2: 0, 3: 0, 4: 0}",1
458,False,"{'a': 0.08, 'e': 0.010021186061657196}",25,0,41.745916308349855,"{0: 25, 1: 0, 2: 0, 3: 0, 4: 0}",0
459,False,"{'a': 0.08, 'e': 0.009920974201040624}",20,13,12.4325048891787,"{0: 7, 1: 0, 2: 0, 3: 0, 4: 0}",1
460,False,"{'a': 0.08, 'e': 0.009821764459030219}",25,4,35.04496055047325,"{0: 21, 1: 0, 2: 0, 3: 0, 4: 0}",1
461,False,"{'a': 0.08, 'e': 0.009723546814439916}",20,9,15.12452394561944,"{0: 11, 1: 0, 2: 0, 3: 0, 4: 0}",1
462,False,"{'a': 0.08, 'e': 0.009626311346295517}",20,14,12.30290868588544,"{0: 6, 1: 0, 2: 0, 3: 0, 4: 0}",1
463,False,"{'a': 0.08, 'e': 0.009530048232832562}",25,19,9.014988841727444,"{0: 6, 1: 0, 2: 0, 3: 0, 4: 0}",1
464,False,"{'a': 0.08, 'e': 0.009434747750504235}",20,10,16.612147828563316,"{0: 10, 1: 0, 2: 0, 3: 0, 4: 0}",1
465,False,"{'a': 0.08, 'e': 0.009340400272999193}",20,2,29.784600511020223,"{0: 18, 1: 0, 2: 0, 3: 0, 4: 0}",1
466,False,"{'a': 0.08, 'e': 0.009246996270269201}",20,6,26.128824101792333,"{0: 14, 1: 0, 2: 0, 3: 0, 4: 0}",1
467,False,"{'a': 0.08, 'e': 0.00915452630756651}",25,11,22.484476243291116,"{0: 14, 1: 0, 2: 0, 3: 0, 4: 0}",1
468,False,"{'a': 0.08, 'e': 0.009062981044490845}",20,7,23.020343898630035,"{0: 13, 1: 0, 2: 0, 3: 0, 4: 0}",1
469,False,"{'a': 0.08, 'e': 0.008972351234045935}",25,20,11.980321382787448,"{0: 5, 1: 0, 2: 0, 3: 0, 4: 0}",1
470,False,"{'a': 0.08, 'e': 0.008882627721705475}",25,20,8.032228486340193,"{0: 5, 1: 0, 2: 0, 3: 0, 4: 0}",1
471,False,"{'a': 0.08, 'e': 0.00879380144448842}",20,14,12.823682917324268,"{0: 6, 1: 0, 2: 0, 3: 0, 4: 0}",1
472,False,"{'a': 0.08, 'e': 0.008705863430043537}",30,24,11.147972593914533,"{0: 6, 1: 0, 2: 0, 3: 0, 4: 0}",1
473,False,"{'a': 0.08, 'e': 0.0086188047957431}",20,15,7.749814418171049,"{0: 5, 1: 0, 2: 0, 3: 0, 4: 0}",1
474,False,"{'a': 0.08, 'e': 0.00853261674778567}",20,16,7.995199000733599,"{0: 4, 1: 0, 2: 0, 3: 0, 4: 0}",1
475,False,"{'a': 0.08, 'e': 0.008447290580307814}",20,12,13.27865699169598,"{0: 8, 1: 0, 2: 0, 3: 0, 4: 0}",1
476,False,"{'a': 0.08, 'e': 0.008362817674504735}",25,14,16.391541169192763,"{0: 11, 1: 0, 2: 0, 3: 0, 4: 0}",1
477,False,"{'a': 0.08, 'e': 0.008279189497759687}",25,12,23.570806882678284,"{0: 13, 1: 0, 2: 0, 3: 0, 4: 0}",1
478,False,"{'a': 0.08, 'e': 0.00819639760278209}",30,8,38.454834329922335,"{0: 22, 1: 0, 2: 0, 3: 0, 4: 0}",1
479,False,"{'a': 0.08, 'e': 0.008114433626754269}",35,16,39.22597394501331,"{0: 19, 1: 0, 2: 0, 3: 0, 4: 0}",1
480,False,"{'a': 0.08, 'e': 0.008033289290486726}",25,7,31.993344818537313,"{0: 18, 1: 0, 2: 0, 3: 0, 4: 0}",1
481,False,"{'a': 0.08, 'e': 0.007952956397581859}",20,13,14.267585671417837,"{0: 7, 1: 0, 2: 0, 3: 0, 4: 0}",1
482,False,"{'a': 0.08, 'e': 0.00787342683360604}",25,16,17.70093916921828,"{0: 9, 1: 0, 2: 0, 3: 0, 4: 0}",1
483,False,"{'a': 0.08, 'e': 0.007794692565269979}",25,16,16.730088492538115,"{0: 9, 1: 0, 2: 0, 3: 0, 4: 0}",1
484,False,"{'a': 0.08, 'e': 0.007716745639617279}",30,3,41.52003243905349,"{0: 27, 1: 0, 2: 0, 3: 0, 4: 0}",1
485,False,"{'a': 0.08, 'e': 0.007639578183221106}",35,21,28.056275770172334,"{0: 14, 1: 0, 2: 0, 3: 0, 4: 0}",1
486,False,"{'a': 0.08, 'e': 0.007563182401388895}",25,12,18.924639361128193,"{0: 13, 1: 0, 2: 0, 3: 0, 4: 0}",1
487,False,"{'a': 0.08, 'e': 0.007487550577375006}",25,13,21.892200264788855,"{0: 12, 1: 0, 2: 0, 3: 0, 4: 0}",1
488,False,"{'a': 0.08, 'e': 0.007412675071601256}",25,19,10.36756979213367,"{0: 6, 1: 0, 2: 0, 3: 0, 4: 0}",1
489,False,"{'a': 0.08, 'e': 0.007338548320885243}",20,0,29.58984380874146,"{0: 20, 1: 0, 2: 0, 3: 0, 4: 0}",0
490,False,"{'a': 0.08, 'e': 0.00726516283767639}",25,11,29.424513500003492,"{0: 14, 1: 0, 2: 0, 3: 0, 4: 0}",1
491,False,"{'a': 0.08, 'e': 0.007192511209299627}",25,5,37.729354220295754,"{0: 20, 1: 0, 2: 0, 3: 0, 4: 0}",1
492,False,"{'a': 0.08, 'e': 0.007120586097206631}",20,14,11.565346853997035,"{0: 6, 1: 0, 2: 0, 3: 0, 4: 0}",1
493,False,"{'a': 0.08, 'e': 0.007049380236234564}",25,8,23.13259261848647,"{0: 17, 1: 0, 2: 0, 3: 0, 4: 0}",1
494,False,"{'a': 0.08, 'e': 0.006978886433872219}",30,8,37.816145274851934,"{0: 22, 1: 0, 2: 0, 3: 0, 4: 0}",1
495,False,"{'a': 0.08, 'e': 0.006909097569533496}",35,23,23.863958678175162,"{0: 12, 1: 0, 2: 0, 3: 0, 4: 0}",1
496,False,"{'a': 0.08, 'e': 0.006840006593838161}",25,19,12.537878235965955,"{0: 6, 1: 0, 2: 0, 3: 0, 4: 0}",1
497,False,"{'a': 0.08, 'e': 0.00677160652789978}",30,23,14.667301149443315,"{0: 7, 1: 0, 2: 0, 3: 0, 4: 0}",1
498,False,"{'a': 0.08, 'e': 0.006703890462620782}",25,10,27.125838526830282,"{0: 15, 1: 0, 2: 0, 3: 0, 4: 0}",1
499,False,"{'a': 0.08, 'e': 0.006636851557994574}",25,20,10.634797971541445,"{0: 5, 1: 0, 2: 0, 3: 0, 4: 0}",1
500,False,"{'a': 0.08, 'e': 0.0065704830424146285}",25,16,19.18855911909651,"{0: 9, 1: 0, 2: 0, 3: 0, 4: 0}",1
501,False,"{'a': 0.08, 'e': 0.006504778211990483}",20,3,28.12220741826994,"{0: 17, 1: 0, 2: 0, 3: 0, 4: 0}",1
502,False,"{'a': 0.08, 'e': 0.006439730429870578}",30,22,14.314146107526106,"{0: 8, 1: 0, 2: 0, 3: 0, 4: 0}",1
503,False,"{'a': 0.08, 'e': 0.006375333125571872}",20,16,6.177421223303455,"{0: 4, 1: 0, 2: 0, 3: 0, 4: 0}",1
504,False,"{'a': 0.08, 'e': 0.006311579794316153}",25,15,18.124065734533232,"{0: 10, 1: 0, 2: 0, 3: 0, 4: 0}",1
505,False,"{'a': 0.08, 'e': 0.006248463996372991}",25,13,23.472743377683308,"{0: 12, 1: 0, 2: 0, 3: 0, 4: 0}",1
506,False,"{'a': 0.08, 'e': 0.006185979356409261}",25,0,39.87527199811236,"{0: 25, 1: 0, 2: 0, 3: 0, 4: 0}",0
507,False,"{'a': 0.08, 'e': 0.006124119562845168}",25,18,14.62986705756035,"{0: 7, 1: 0, 2: 0, 3: 0, 4: 0}",1
508,False,"{'a': 0.08, 'e': 0.006062878367216716}",20,13,10.473889982035562,"{0: 7, 1: 0, 2: 0, 3: 0, 4: 0}",1
509,False,"{'a': 0.08, 'e': 0.006002249583544549}",35,15,31.728883328908232,"{0: 20, 1: 0, 2: 0, 3: 0, 4: 0}",1
510,False,"{'a': 0.08, 'e': 0.0059422270877091034}",25,7,31.48311107868276,"{0: 18, 1: 0, 2: 0, 3: 0, 4: 0}",1
511,False,"{'a': 0.08, 'e': 0.005882804816832013}",20,2,33.55756156474176,"{0: 18, 1: 0, 2: 0, 3: 0, 4: 0}",1
512,False,"{'a': 0.08, 'e': 0.005823976768663692}",20,2,29.727054943969947,"{0: 18, 1: 0, 2: 0, 3: 0, 4: 0}",1
513,False,"{'a': 0.08, 'e': 0.005765737000977055}",30,13,37.58361897804828,"{0: 17, 1: 0, 2: 0, 3: 0, 4: 0}",1
514,False,"{'a': 0.08, 'e': 0.005708079630967285}",20,6,27.117147581691952,"{0: 14, 1: 0, 2: 0, 3: 0, 4: 0}",1
515,False,"{'a': 0.08, 'e': 0.005650998834657612}",25,13,21.587761345209433,"{0: 12, 1: 0, 2: 0, 3: 0, 4: 0}",1
516,False,"{'a': 0.08, 'e': 0.005594488846311036}",20,8,21.691319722970928,"{0: 12, 1: 0, 2: 0, 3: 0, 4: 0}",1
517,False,"{'a': 0.08, 'e': 0.005538543957847926}",30,0,47.54607683916521,"{0: 30, 1: 0, 2: 0, 3: 0, 4: 0}",0
518,False,"{'a': 0.08, 'e': 0.005483158518269447}",25,6,32.13010938992192,"{0: 19, 1: 0, 2: 0, 3: 0, 4: 0}",1
519,False,"{'a': 0.08, 'e': 0.005428326933086752}",20,7,19.550086407621002,"{0: 13, 1: 0, 2: 0, 3: 0, 4: 0}",1
520,False,"{'a': 0.08, 'e': 0.005374043663755885}",25,0,34.53873301876429,"{0: 25, 1: 0, 2: 0, 3: 0, 4: 0}",0
521,False,"{'a': 0.08, 'e': 0.005320303227118326}",25,3,34.703338712133785,"{0: 22, 1: 0, 2: 0, 3: 0, 4: 0}",1
522,False,"{'a': 0.08, 'e': 0.005267100194847143}",25,18,12.98292757499736,"{0: 7, 1: 0, 2: 0, 3: 0, 4: 0}",1
523,False,"{'a': 0.08, 'e': 0.0052144291928986715}",25,10,22.076762432015467,"{0: 15, 1: 0, 2: 0, 3: 0, 4: 0}",1
524,False,"{'a': 0.08, 'e': 0.005162284900969685}",20,13,14.474802246942772,"{0: 7, 1: 0, 2: 0, 3: 0, 4: 0}",1
525,False,"{'a': 0.08, 'e': 0.005110662051959988}",30,8,37.45422259708422,"{0: 22, 1: 0, 2: 0, 3: 0, 4: 0}",1
526,False,"{'a': 0.08, 'e': 0.005059555431440388}",30,19,20.98130807400572,"{0: 11, 1: 0, 2: 0, 3: 0, 4: 0}",1
527,False,"{'a': 0.08, 'e': 0.005008959877125984}",20,0,27.73131165735735,"{0: 20, 1: 0, 2: 0, 3: 0, 4: 0}",0
528,False,"{'a': 0.08, 'e': 0.0049588702783547245}",20,8,26.101009653839558,"{0: 12, 1: 0, 2: 0, 3: 0, 4: 0}",1
529,False,"{'a': 0.08, 'e': 0.004909281575571177}",25,11,28.79609531972279,"{0: 14, 1: 0, 2: 0, 3: 0, 4: 0}",1
530,False,"{'a': 0.08, 'e': 0.004860188759815465}",30,14,31.693736554418944,"{0: 16, 1: 0, 2: 0, 3: 0, 4: 0}",1
531,False,"{'a': 0.08, 'e': 0.004811586872217311}",25,19,3.8734825852247408,"{0: 5, 1: 1, 2: 0, 3: 0, 4: 0}",1
532,False,"{'a': 0.08, 'e': 0.004763471003495138}",25,5,35.18100815283321,"{0: 20, 1: 0, 2: 0, 3: 0, 4: 0}",1
533,False,"{'a': 0.08, 'e': 0.004715836293460187}",20,2,27.907219855034004,"{0: 18, 1: 0, 2: 0, 3: 0, 4: 0}",1
534,False,"{'a': 0.08, 'e': 0.004668677930525585}",25,15,15.658091082797483,"{0: 10, 1: 0, 2: 0, 3: 0, 4: 0}",1
535,False,"{'a': 0.08, 'e': 0.0046219911512203294}",20,8,23.770722229985623,"{0: 12, 1: 0, 2: 0, 3: 0, 4: 0}",1
536,False,"{'a': 0.08, 'e': 0.004575771239708126}",25,9,28.39310692143837,"{0: 16, 1: 0, 2: 0, 3: 0, 4: 0}",1
537,False,"{'a': 0.08, 'e': 0.004530013527311045}",20,6,23.72017604359393,"{0: 14, 1: 0, 2: 0, 3: 0, 4: 0}",1
538,False,"{'a': 0.08, 'e': 0.004484713392037935}",20,6,26.61067903659245,"{0: 14, 1: 0, 2: 0, 3: 0, 4: 0}",1
539,False,"{'a': 0.08, 'e': 0.004439866258117555}",25,10,32.165724743179894,"{0: 15, 1: 0, 2: 0, 3: 0, 4: 0}",1
540,False,"{'a': 0.08, 'e': 0.004395467595536379}",20,0,28.078225131562267,"{0: 20, 1: 0, 2: 0, 3: 0, 4: 0}",0
541,False,"{'a': 0.08, 'e': 0.004351512919581016}",20,16,9.164421152689833,"{0: 4, 1: 0, 2: 0, 3: 0, 4: 0}",1
542,False,"{'a': 0.08, 'e': 0.004307997790385205}",35,20,27.5512664300376,"{0: 15, 1: 0, 2: 0, 3: 0, 4: 0}",1
543,False,"{'a': 0.08, 'e': 0.004264917812481353}",25,10,25.477365357553712,"{0: 15, 1: 0, 2: 0, 3: 0, 4: 0}",1
544,False,"{'a': 0.08, 'e': 0.00422226863435654}",35,17,30.586107959557175,"{0: 18, 1: 0, 2: 0, 3: 0, 4: 0}",1
545,False,"{'a': 0.08, 'e': 0.004180045948012975}",25,19,-10.774764641067062,"{0: 5, 1: 0, 2: 0, 3: 1, 4: 0}",1
546,False,"{'a': 0.08, 'e': 0.004138245488532845}",20,8,19.792119485455174,"{0: 12, 1: 0, 2: 0, 3: 0, 4: 0}",1
547,False,"{'a': 0.08, 'e': 0.004096863033647516}",30,17,23.079993929621356,"{0: 13, 1: 0, 2: 0, 3: 0, 4: 0}",1
548,False,"{'a': 0.08, 'e': 0.004055894403311041}",35,15,32.640415341830405,"{0: 20, 1: 0, 2: 0, 3: 0, 4: 0}",1
549,False,"{'a': 0.08, 'e': 0.00401533545927793}",30,6,33.90225144097241,"{0: 24, 1: 0, 2: 0, 3: 0, 4: 0}",1
550,False,"{'a': 0.08, 'e': 0.003975182104685151}",20,10,16.982788532029936,"{0: 10, 1: 0, 2: 0, 3: 0, 4: 0}",1
551,False,"{'a': 0.08, 'e': 0.0039354302836383}",25,13,22.886978309505338,"{0: 12, 1: 0, 2: 0, 3: 0, 4: 0}",1
552,False,"{'a': 0.08, 'e': 0.003896075980801917}",30,20,18.71869661953,"{0: 10, 1: 0, 2: 0, 3: 0, 4: 0}",1
553,False,"{'a': 0.08, 'e': 0.0038571152209938976}",25,19,10.41240630757406,"{0: 6, 1: 0, 2: 0, 3: 0, 4: 0}",1
554,False,"{'a': 0.08, 'e': 0.0038185440687839587}",20,9,21.158532955656987,"{0: 11, 1: 0, 2: 0, 3: 0, 4: 0}",1
555,False,"{'a': 0.08, 'e': 0.003780358628096119}",25,13,26.401138732022485,"{0: 12, 1: 0, 2: 0, 3: 0, 4: 0}",1
556,False,"{'a': 0.08, 'e': 0.003742555041815158}",25,17,16.154120407620688,"{0: 8, 1: 0, 2: 0, 3: 0, 4: 0}",1
557,False,"{'a': 0.08, 'e': 0.0037051294913970066}",35,11,37.899931220951366,"{0: 24, 1: 0, 2: 0, 3: 0, 4: 0}",1
558,False,"{'a': 0.08, 'e': 0.0036680781964830364}",20,8,21.370673572554008,"{0: 12, 1: 0, 2: 0, 3: 0, 4: 0}",1
559,False,"{'a': 0.08, 'e': 0.003631397414518206}",25,6,38.048001467869994,"{0: 19, 1: 0, 2: 0, 3: 0, 4: 0}",1
560,False,"{'a': 0.08, 'e': 0.003595083440373024}",30,11,33.61779124302718,"{0: 19, 1: 0, 2: 0, 3: 0, 4: 0}",1
561,False,"{'a': 0.08, 'e': 0.0035591326059692934}",30,14,30.298265788032246,"{0: 16, 1: 0, 2: 0, 3: 0, 4: 0}",1
562,False,"{'a': 0.08, 'e': 0.0035235412799096005}",20,15,9.718889110291434,"{0: 5, 1: 0, 2: 0, 3: 0, 4: 0}",1
563,False,"{'a': 0.08, 'e': 0.0034883058671105046}",20,6,22.375017606134186,"{0: 14, 1: 0, 2: 0, 3: 0, 4: 0}",1
564,False,"{'a': 0.08, 'e': 0.0034534228084393995}",25,2,37.41680528747082,"{0: 23, 1: 0, 2: 0, 3: 0, 4: 0}",1
565,False,"{'a': 0.08, 'e': 0.0034188885803550055}",30,17,25.782663163351135,"{0: 13, 1: 0, 2: 0, 3: 0, 4: 0}",1
566,False,"{'a': 0.08, 'e': 0.0033846996945514555}",25,16,16.735084267421044,"{0: 9, 1: 0, 2: 0, 3: 0, 4: 0}",1
567,False,"{'a': 0.08, 'e': 0.003350852697605941}",20,6,22.16944851507771,"{0: 14, 1: 0, 2: 0, 3: 0, 4: 0}",1
568,False,"{'a': 0.08, 'e': 0.0033173441706298816}",25,6,33.423709719902995,"{0: 19, 1: 0, 2: 0, 3: 0, 4: 0}",1
569,False,"{'a': 0.08, 'e': 0.003284170728923583}",35,19,25.26946663384558,"{0: 16, 1: 0, 2: 0, 3: 0, 4: 0}",1
570,False,"{'a': 0.08, 'e': 0.003251329021634347}",25,19,13.160608729853195,"{0: 6, 1: 0, 2: 0, 3: 0, 4: 0}",1
571,False,"{'a': 0.08, 'e': 0.0032188157314180033}",30,20,17.44466716072479,"{0: 10, 1: 0, 2: 0, 3: 0, 4: 0}",1
572,False,"{'a': 0.08, 'e': 0.003186627574103823}",25,14,17.029758992666927,"{0: 11, 1: 0, 2: 0, 3: 0, 4: 0}",1
573,False,"{'a': 0.08, 'e': 0.003154761298362785}",25,19,12.183037511477021,"{0: 6, 1: 0, 2: 0, 3: 0, 4: 0}",1
574,False,"{'a': 0.08, 'e': 0.003123213685379157}",25,3,38.78388374417411,"{0: 22, 1: 0, 2: 0, 3: 0, 4: 0}",1
575,False,"{'a': 0.08, 'e': 0.0030919815485253655}",25,13,20.659660734509714,"{0: 12, 1: 0, 2: 0, 3: 0, 4: 0}",1
576,False,"{'a': 0.08, 'e': 0.003061061733040112}",30,16,26.03201588856871,"{0: 14, 1: 0, 2: 0, 3: 0, 4: 0}",1
577,False,"{'a': 0.08, 'e': 0.003030451115709711}",25,12,25.719360498643045,"{0: 13, 1: 0, 2: 0, 3: 0, 4: 0}",1
578,False,"{'a': 0.08, 'e': 0.0030001466045526137}",20,13,13.43518089524461,"{0: 7, 1: 0, 2: 0, 3: 0, 4: 0}",1
579,False,"{'a': 0.08, 'e': 0.0029701451385070877}",25,9,30.76072846718106,"{0: 16, 1: 0, 2: 0, 3: 0, 4: 0}",1
580,False,"{'a': 0.08, 'e': 0.002940443687122017}",25,0,37.34050061379056,"{0: 25, 1: 0, 2: 0, 3: 0, 4: 0}",0
581,False,"{'a': 0.08, 'e': 0.002911039250250797}",20,8,19.686988956653206,"{0: 12, 1: 0, 2: 0, 3: 0, 4: 0}",1
582,False,"{'a': 0.08, 'e': 0.002881928857748289}",20,1,30.841988603092314,"{0: 19, 1: 0, 2: 0, 3: 0, 4: 0}",1
583,False,"{'a': 0.08, 'e': 0.002853109569170806}",20,12,13.883317686972475,"{0: 8, 1: 0, 2: 0, 3: 0, 4: 0}",1
584,False,"{'a': 0.08, 'e': 0.002824578473479098}",30,19,18.82172801799258,"{0: 11, 1: 0, 2: 0, 3: 0, 4: 0}",1
585,False,"{'a': 0.08, 'e': 0.0027963326887443067}",25,15,18.836146999417753,"{0: 10, 1: 0, 2: 0, 3: 0, 4: 0}",1
586,False,"{'a': 0.08, 'e': 0.0027683693618568636}",20,11,17.18454794369542,"{0: 9, 1: 0, 2: 0, 3: 0, 4: 0}",1
587,False,"{'a': 0.08, 'e': 0.002740685668238295}",30,20,18.816336703013754,"{0: 10, 1: 0, 2: 0, 3: 0, 4: 0}",1
588,False,"{'a': 0.08, 'e': 0.0027132788115559123}",25,17,14.1289705216406,"{0: 8, 1: 0, 2: 0, 3: 0, 4: 0}",1
589,False,"{'a': 0.08, 'e': 0.0026861460234403533}",20,14,11.486388825419548,"{0: 6, 1: 0, 2: 0, 3: 0, 4: 0}",1
590,False,"{'a': 0.08, 'e': 0.00265928456320595}",30,15,27.013273316676756,"{0: 15, 1: 0, 2: 0, 3: 0, 4: 0}",1
591,False,"{'a': 0.08, 'e': 0.0026326917175738904}",30,10,38.57817596733831,"{0: 20, 1: 0, 2: 0, 3: 0, 4: 0}",1
592,False,"{'a': 0.08, 'e': 0.0026063648003981517}",25,13,24.3034090093779,"{0: 12, 1: 0, 2: 0, 3: 0, 4: 0}",1
593,False,"{'a': 0.08, 'e': 0.0025803011523941703}",20,16,6.505663050988552,"{0: 4, 1: 0, 2: 0, 3: 0, 4: 0}",1
594,False,"{'a': 0.08, 'e': 0.0025544981408702288}",30,16,24.994145624736113,"{0: 14, 1: 0, 2: 0, 3: 0, 4: 0}",1
595,False,"{'a': 0.08, 'e': 0.0025289531594615265}",20,13,13.016418629374494,"{0: 7, 1: 0, 2: 0, 3: 0, 4: 0}",1
596,False,"{'a': 0.08, 'e': 0.0025036636278669114}",20,7,24.045807059592608,"{0: 13, 1: 0, 2: 0, 3: 0, 4: 0}",1
597,False,"{'a': 0.08, 'e': 0.0024786269915882423}",20,12,12.831893510837917,"{0: 8, 1: 0, 2: 0, 3: 0, 4: 0}",1
598,False,"{'a': 0.08, 'e': 0.00245384072167236}",20,12,13.710700114961764,"{0: 8, 1: 0, 2: 0, 3: 0, 4: 0}",1
599,False,"{'a': 0.08, 'e': 0.0024293023144556364}",20,6,23.54835168409958,"{0: 14, 1: 0, 2: 0, 3: 0, 4: 0}",1
600,False,"{'a': 0.08, 'e': 0.00240500929131108}",25,13,20.164145367055074,"{0: 12, 1: 0, 2: 0, 3: 0, 4: 0}",1
601,False,"{'a': 0.08, 'e': 0.0023809591983979693}",20,5,28.30487066946595,"{0: 15, 1: 0, 2: 0, 3: 0, 4: 0}",1
602,False,"{'a': 0.08, 'e': 0.0023571496064139896}",20,7,21.55101862663875,"{0: 13, 1: 0, 2: 0, 3: 0, 4: 0}",1
603,False,"{'a': 0.08, 'e': 0.0023335781103498497}",20,12,11.421580184867167,"{0: 8, 1: 0, 2: 0, 3: 0, 4: 0}",1
604,False,"{'a': 0.08, 'e': 0.002310242329246351}",20,15,7.669912085559569,"{0: 5, 1: 0, 2: 0, 3: 0, 4: 0}",1
605,False,"{'a': 0.08, 'e': 0.0022871399059538875}",25,17,17.44819306846803,"{0: 8, 1: 0, 2: 0, 3: 0, 4: 0}",1
606,False,"{'a': 0.08, 'e': 0.002264268506894349}",20,0,35.44312943262695,"{0: 20, 1: 0, 2: 0, 3: 0, 4: 0}",0
607,False,"{'a': 0.08, 'e': 0.002241625821825405}",25,12,15.769097953623454,"{0: 12, 1: 0, 2: 1, 3: 0, 4: 0}",1
608,False,"{'a': 0.08, 'e': 0.002219209563607151}",30,16,30.378523547420986,"{0: 14, 1: 0, 2: 0, 3: 0, 4: 0}",1
609,False,"{'a': 0.08, 'e': 0.0021970174679710797}",25,15,18.051876162704147,"{0: 10, 1: 0, 2: 0, 3: 0, 4: 0}",1
610,False,"{'a': 0.08, 'e': 0.002175047293291369}",30,15,29.36536058433984,"{0: 15, 1: 0, 2: 0, 3: 0, 4: 0}",1
611,False,"{'a': 0.08, 'e': 0.002153296820358455}",35,8,44.629505657770416,"{0: 27, 1: 0, 2: 0, 3: 0, 4: 0}",1
612,False,"{'a': 0.08, 'e': 0.0021317638521548706}",20,5,28.584605623415513,"{0: 15, 1: 0, 2: 0, 3: 0, 4: 0}",1
613,False,"{'a': 0.08, 'e': 0.0021104462136333217}",20,0,31.163319307469166,"{0: 20, 1: 0, 2: 0, 3: 0, 4: 0}",0
614,False,"{'a': 0.08, 'e': 0.0020893417514969885}",20,6,23.813950411164154,"{0: 14, 1: 0, 2: 0, 3: 0, 4: 0}",1
615,False,"{'a': 0.08, 'e': 0.0020684483339820188}",20,8,21.078539149994732,"{0: 12, 1: 0, 2: 0, 3: 0, 4: 0}",1
616,False,"{'a': 0.08, 'e': 0.0020477638506421984}",20,14,9.822133379568728,"{0: 6, 1: 0, 2: 0, 3: 0, 4: 0}",1
617,False,"{'a': 0.08, 'e': 0.0020272862121357765}",20,12,16.00620280411632,"{0: 8, 1: 0, 2: 0, 3: 0, 4: 0}",1
618,False,"{'a': 0.08, 'e': 0.0020070133500144187}",20,11,13.337780286274008,"{0: 9, 1: 0, 2: 0, 3: 0, 4: 0}",1
619,False,"{'a': 0.08, 'e': 0.0019869432165142745}",20,6,23.376065889491393,"{0: 14, 1: 0, 2: 0, 3: 0, 4: 0}",1
620,False,"{'a': 0.08, 'e': 0.001967073784349132}",30,18,19.542018317495568,"{0: 12, 1: 0, 2: 0, 3: 0, 4: 0}",1
621,False,"{'a': 0.08, 'e': 0.0019474030465056406}",30,12,27.64155740307268,"{0: 18, 1: 0, 2: 0, 3: 0, 4: 0}",1
622,False,"{'a': 0.08, 'e': 0.0019279290160405841}",25,19,11.449229392246416,"{0: 6, 1: 0, 2: 0, 3: 0, 4: 0}",1
623,False,"{'a': 0.08, 'e': 0.0019086497258801783}",20,14,12.765992828770315,"{0: 6, 1: 0, 2: 0, 3: 0, 4: 0}",1
624,False,"{'a': 0.08, 'e': 0.0018895632286213765}",20,11,15.005898711460205,"{0: 9, 1: 0, 2: 0, 3: 0, 4: 0}",1
625,False,"{'a': 0.08, 'e': 0.0018706675963351628}",20,2,33.1661445878027,"{0: 18, 1: 0, 2: 0, 3: 0, 4: 0}",1
626,False,"{'a': 0.08, 'e': 0.0018519609203718113}",25,18,13.125370082260275,"{0: 7, 1: 0, 2: 0, 3: 0, 4: 0}",1
627,False,"{'a': 0.08, 'e': 0.0018334413111680931}",20,8,19.826617809435263,"{0: 12, 1: 0, 2: 0, 3: 0, 4: 0}",1
628,False,"{'a': 0.08, 'e': 0.0018151068980564121}",20,8,22.149631030210273,"{0: 12, 1: 0, 2: 0, 3: 0, 4: 0}",1
629,False,"{'a': 0.08, 'e': 0.001796955829075848}",20,0,-9.377740775079825,"{0: 19, 1: 0, 2: 0, 3: 0, 4: 1}",0
630,False,"{'a': 0.08, 'e': 0.0017789862707850894}",20,12,16.991567369195884,"{0: 8, 1: 0, 2: 0, 3: 0, 4: 0}",1
631,False,"{'a': 0.08, 'e': 0.0017611964080772385}",20,6,29.244045415602024,"{0: 14, 1: 0, 2: 0, 3: 0, 4: 0}",1
632,False,"{'a': 0.08, 'e': 0.0017435844439964662}",25,6,28.59109936707422,"{0: 19, 1: 0, 2: 0, 3: 0, 4: 0}",1
633,False,"{'a': 0.08, 'e': 0.0017261485995565015}",20,8,22.048928426051514,"{0: 12, 1: 0, 2: 0, 3: 0, 4: 0}",1
634,False,"{'a': 0.08, 'e': 0.0017088871135609366}",35,20,27.688736966411845,"{0: 15, 1: 0, 2: 0, 3: 0, 4: 0}",1
635,False,"{'a': 0.08, 'e': 0.0016917982424253272}",35,26,18.1621687475011,"{0: 9, 1: 0, 2: 0, 3: 0, 4: 0}",1
636,False,"{'a': 0.08, 'e': 0.001674880260001074}",20,10,16.894275629919022,"{0: 10, 1: 0, 2: 0, 3: 0, 4: 0}",1
637,False,"{'a': 0.08, 'e': 0.0016581314574010632}",25,17,14.96115778506033,"{0: 8, 1: 0, 2: 0, 3: 0, 4: 0}",1
638,False,"{'a': 0.08, 'e': 0.0016415501428270526}",30,15,29.341325344152253,"{0: 15, 1: 0, 2: 0, 3: 0, 4: 0}",1
639,False,"{'a': 0.08, 'e': 0.001625134641398782}",20,13,10.762644079795814,"{0: 7, 1: 0, 2: 0, 3: 0, 4: 0}",1
640,False,"{'a': 0.08, 'e': 0.0016088832949847942}",25,12,21.681517466264527,"{0: 13, 1: 0, 2: 0, 3: 0, 4: 0}",1
641,False,"{'a': 0.08, 'e': 0.0015927944620349461}",25,10,27.949907340705366,"{0: 15, 1: 0, 2: 0, 3: 0, 4: 0}",1
642,False,"{'a': 0.08, 'e': 0.0015768665174145967}",25,10,27.73493896832737,"{0: 15, 1: 0, 2: 0, 3: 0, 4: 0}",1
643,False,"{'a': 0.08, 'e': 0.0015610978522404507}",20,7,20.927842883714007,"{0: 13, 1: 0, 2: 0, 3: 0, 4: 0}",1
644,False,"{'a': 0.08, 'e': 0.0015454868737180463}",20,8,23.088115936100657,"{0: 12, 1: 0, 2: 0, 3: 0, 4: 0}",1
645,False,"{'a': 0.08, 'e': 0.0015300320049808657}",30,18,20.850715488578665,"{0: 12, 1: 0, 2: 0, 3: 0, 4: 0}",1
646,False,"{'a': 0.08, 'e': 0.001514731684931057}",20,2,26.865223334671047,"{0: 18, 1: 0, 2: 0, 3: 0, 4: 0}",1
647,False,"{'a': 0.08, 'e': 0.0014995843680817465}",25,18,17.56396677786121,"{0: 7, 1: 0, 2: 0, 3: 0, 4: 0}",1
648,False,"{'a': 0.08, 'e': 0.001484588524400929}",30,7,38.16516646207976,"{0: 23, 1: 0, 2: 0, 3: 0, 4: 0}",1
649,False,"{'a': 0.08, 'e': 0.0014697426391569197}",20,3,32.81614582943374,"{0: 17, 1: 0, 2: 0, 3: 0, 4: 0}",1
650,False,"{'a': 0.08, 'e': 0.0014550452127653506}",25,13,19.546299450549125,"{0: 12, 1: 0, 2: 0, 3: 0, 4: 0}",1
651,False,"{'a': 0.08, 'e': 0.001440494760637697}",20,3,29.117298882126107,"{0: 17, 1: 0, 2: 0, 3: 0, 4: 0}",1
652,False,"{'a': 0.08, 'e': 0.00142608981303132}",20,12,13.389808748632266,"{0: 8, 1: 0, 2: 0, 3: 0, 4: 0}",1
653,False,"{'a': 0.08, 'e': 0.0014118289149010067}",25,15,17.26274977514912,"{0: 10, 1: 0, 2: 0, 3: 0, 4: 0}",1
654,False,"{'a': 0.08, 'e': 0.0013977106257519966}",30,0,41.80390521029734,"{0: 30, 1: 0, 2: 0, 3: 0, 4: 0}",0
655,False,"{'a': 0.08, 'e': 0.0013837335194944766}",25,18,13.435055311028346,"{0: 7, 1: 0, 2: 0, 3: 0, 4: 0}",1
656,False,"{'a': 0.08, 'e': 0.0013698961842995318}",20,14,13.995953561592415,"{0: 6, 1: 0, 2: 0, 3: 0, 4: 0}",1
657,False,"{'a': 0.08, 'e': 0.0013561972224565364}",30,24,12.348162638509304,"{0: 6, 1: 0, 2: 0, 3: 0, 4: 0}",1
658,False,"{'a': 0.08, 'e': 0.001342635250231971}",20,11,19.063773257851917,"{0: 9, 1: 0, 2: 0, 3: 0, 4: 0}",1
659,False,"{'a': 0.08, 'e': 0.0013292088977296514}",30,17,25.5402743265682,"{0: 13, 1: 0, 2: 0, 3: 0, 4: 0}",1
660,False,"{'a': 0.08, 'e': 0.0013159168087523549}",20,7,23.622546436851422,"{0: 13, 1: 0, 2: 0, 3: 0, 4: 0}",1
661,False,"{'a': 0.08, 'e': 0.0013027576406648314}",25,19,10.002180950279207,"{0: 6, 1: 0, 2: 0, 3: 0, 4: 0}",1
662,False,"{'a': 0.08, 'e': 0.001289730064258183}",25,7,34.56438250066677,"{0: 18, 1: 0, 2: 0, 3: 0, 4: 0}",1
663,False,"{'a': 0.08, 'e': 0.0012768327636156012}",25,17,16.575527131642335,"{0: 8, 1: 0, 2: 0, 3: 0, 4: 0}",1
664,False,"{'a': 0.08, 'e': 0.0012640644359794451}",25,18,8.756328352054554,"{0: 7, 1: 0, 2: 0, 3: 0, 4: 0}",1
665,False,"{'a': 0.08, 'e': 0.0012514237916196507}",20,13,10.72937046213118,"{0: 7, 1: 0, 2: 0, 3: 0, 4: 0}",1
666,False,"{'a': 0.08, 'e': 0.0012389095537034542}",25,12,27.575753466083704,"{0: 13, 1: 0, 2: 0, 3: 0, 4: 0}",1
667,False,"{'a': 0.08, 'e': 0.0012265204581664198}",30,17,20.363573002003843,"{0: 13, 1: 0, 2: 0, 3: 0, 4: 0}",1
668,False,"{'a': 0.08, 'e': 0.0012142552535847556}",20,12,12.542175166199316,"{0: 8, 1: 0, 2: 0, 3: 0, 4: 0}",1
669,False,"{'a': 0.08, 'e': 0.0012021127010489081}",30,13,31.882531097319976,"{0: 17, 1: 0, 2: 0, 3: 0, 4: 0}",1
670,False,"{'a': 0.08, 'e': 0.0011900915740384191}",20,11,17.972479627379517,"{0: 9, 1: 0, 2: 0, 3: 0, 4: 0}",1
671,False,"{'a': 0.08, 'e': 0.001178190658298035}",30,18,22.947931713558695,"{0: 12, 1: 0, 2: 0, 3: 0, 4: 0}",1
672,False,"{'a': 0.08, 'e': 0.0011664087517150546}",35,11,40.156664697417554,"{0: 24, 1: 0, 2: 0, 3: 0, 4: 0}",1
673,False,"{'a': 0.08, 'e': 0.001154744664197904}",30,8,44.602432033193395,"{0: 22, 1: 0, 2: 0, 3: 0, 4: 0}",1
674,False,"{'a': 0.08, 'e': 0.001143197217555925}",20,0,22.64409048948711,"{0: 20, 1: 0, 2: 0, 3: 0, 4: 0}",0
675,False,"{'a': 0.08, 'e': 0.0011317652453803656}",25,19,11.91442469081685,"{0: 6, 1: 0, 2: 0, 3: 0, 4: 0}",1
676,False,"{'a': 0.08, 'e': 0.001120447592926562}",20,13,14.048901708181194,"{0: 7, 1: 0, 2: 0, 3: 0, 4: 0}",1
677,False,"{'a': 0.08, 'e': 0.0011092431169972964}",30,18,23.918043399861023,"{0: 12, 1: 0, 2: 0, 3: 0, 4: 0}",1
678,False,"{'a': 0.08, 'e': 0.0010981506858273235}",25,14,20.504106078111796,"{0: 11, 1: 0, 2: 0, 3: 0, 4: 0}",1
679,False,"{'a': 0.08, 'e': 0.0010871691789690503}",25,8,30.40420540197802,"{0: 17, 1: 0, 2: 0, 3: 0, 4: 0}",1
680,False,"{'a': 0.08, 'e': 0.0010762974871793597}",20,13,12.97202226378266,"{0: 7, 1: 0, 2: 0, 3: 0, 4: 0}",1
681,False,"{'a': 0.08, 'e': 0.001065534512307566}",25,7,30.73577542017891,"{0: 18, 1: 0, 2: 0, 3: 0, 4: 0}",1
682,False,"{'a': 0.08, 'e': 0.0010548791671844905}",25,16,18.57053043952176,"{0: 9, 1: 0, 2: 0, 3: 0, 4: 0}",1
683,False,"{'a': 0.08, 'e': 0.0010443303755126457}",25,4,36.70633871918656,"{0: 21, 1: 0, 2: 0, 3: 0, 4: 0}",1
684,False,"{'a': 0.08, 'e': 0.0010338870717575192}",20,16,8.440496270891327,"{0: 4, 1: 0, 2: 0, 3: 0, 4: 0}",1
685,False,"{'a': 0.08, 'e': 0.001023548201039944}",25,0,30.651926674713355,"{0: 25, 1: 0, 2: 0, 3: 0, 4: 0}",0
686,False,"{'a': 0.08, 'e': 0.0010133127190295446}",30,15,23.632460998824797,"{0: 15, 1: 0, 2: 0, 3: 0, 4: 0}",1
687,False,"{'a': 0.08, 'e': 0.0010031795918392491}",20,15,11.489209326965826,"{0: 5, 1: 0, 2: 0, 3: 0, 4: 0}",1
688,False,"{'a': 0.08, 'e': 0.0009931477959208566}",25,4,29.594186245024556,"{0: 21, 1: 0, 2: 0, 3: 0, 4: 0}",1
1,True,"{'a': 0.0, 'e': 0.0}",35,20,25.67136854172047,"{0: 15, 1: 0, 2: 0, 3: 0, 4: 0}",1
2,True,"{'a': 0.0, 'e': 0.0}",25,17,13.002378083486352,"{0: 8, 1: 0, 2: 0, 3: 0, 4: 0}",1
3,True,"{'a': 0.0, 'e': 0.0}",25,17,15.682895734517588,"{0: 8, 1: 0, 2: 0, 3: 0, 4: 0}",1
4,True,"{'a': 0.0, 'e': 0.0}",25,11,24.756372006310034,"{0: 14, 1: 0, 2: 0, 3: 0, 4: 0}",1
5,True,"{'a': 0.0, 'e': 0.0}",20,13,14.55554478957152,"{0: 7, 1: 0, 2: 0, 3: 0, 4: 0}",1
6,True,"{'a': 0.0, 'e': 0.0}",25,19,9.697108438524285,"{0: 6, 1: 0, 2: 0, 3: 0, 4: 0}",1
7,True,"{'a': 0.0, 'e': 0.0}",20,6,22.507761168662057,"{0: 14, 1: 0, 2: 0, 3: 0, 4: 0}",1
8,True,"{'a': 0.0, 'e': 0.0}",20,12,13.88675688336628,"{0: 8, 1: 0, 2: 0, 3: 0, 4: 0}",1
9,True,"{'a': 0.0, 'e': 0.0}",25,9,26.626654425231713,"{0: 16, 1: 0, 2: 0, 3: 0, 4: 0}",1
10,True,"{'a': 0.0, 'e': 0.0}",30,13,30.771735843300057,"{0: 17, 1: 0, 2: 0, 3: 0, 4: 0}",1
11,True,"{'a': 0.0, 'e': 0.0}",25,13,18.57371029598996,"{0: 12, 1: 0, 2: 0, 3: 0, 4: 0}",1
12,True,"{'a': 0.0, 'e': 0.0}",20,0,34.882940318739195,"{0: 20, 1: 0, 2: 0, 3: 0, 4: 0}",1
13,True,"{'a': 0.0, 'e': 0.0}",20,9,17.32333963602695,"{0: 11, 1: 0, 2: 0, 3: 0, 4: 0}",1
14,True,"{'a': 0.0, 'e': 0.0}",20,2,26.283786340581308,"{0: 18, 1: 0, 2: 0, 3: 0, 4: 0}",1
15,True,"{'a': 0.0, 'e': 0.0}",20,7,22.927478367027582,"{0: 13, 1: 0, 2: 0, 3: 0, 4: 0}",1
16,True,"{'a': 0.0, 'e': 0.0}",25,15,15.65572861543343,"{0: 10, 1: 0, 2: 0, 3: 0, 4: 0}",1
17,True,"{'a': 0.0, 'e': 0.0}",30,23,13.854385432859138,"{0: 7, 1: 0, 2: 0, 3: 0, 4: 0}",1
18,True,"{'a': 0.0, 'e': 0.0}",25,11,24.24944161611662,"{0: 14, 1: 0, 2: 0, 3: 0, 4: 0}",1
19,True,"{'a': 0.0, 'e': 0.0}",20,4,27.596224957429953,"{0: 16, 1: 0, 2: 0, 3: 0, 4: 0}",1
20,True,"{'a': 0.0, 'e': 0.0}",20,5,24.60157850201349,"{0: 15, 1: 0, 2: 0, 3: 0, 4: 0}",1
21,True,"{'a': 0.0, 'e': 0.0}",20,16,6.048763573651139,"{0: 4, 1: 0, 2: 0, 3: 0, 4: 0}",1
22,True,"{'a': 0.0, 'e': 0.0}",25,12,26.958116297345256,"{0: 13, 1: 0, 2: 0, 3: 0, 4: 0}",1
23,True,"{'a': 0.0, 'e': 0.0}",20,1,31.52429024975063,"{0: 19, 1: 0, 2: 0, 3: 0, 4: 0}",1
24,True,"{'a': 0.0, 'e': 0.0}",25,11,23.69992776173897,"{0: 14, 1: 0, 2: 0, 3: 0, 4: 0}",1
25,True,"{'a': 0.0, 'e': 0.0}",20,16,9.238421305202621,"{0: 4, 1: 0, 2: 0, 3: 0, 4: 0}",1
26,True,"{'a': 0.0, 'e': 0.0}",20,16,8.35677894837874,"{0: 4, 1: 0, 2: 0, 3: 0, 4: 0}",1
27,True,"{'a': 0.0, 'e': 0.0}",20,4,27.550844517727448,"{0: 16, 1: 0, 2: 0, 3: 0, 4: 0}",1
28,True,"{'a': 0.0, 'e': 0.0}",20,5,29.12241064315054,"{0: 15, 1: 0, 2: 0, 3: 0, 4: 0}",1
29,True,"{'a': 0.0, 'e': 0.0}",35,21,24.124284787457704,"{0: 14, 1: 0, 2: 0, 3: 0, 4: 0}",1
30,True,"{'a': 0.0, 'e': 0.0}",20,0,26.160873466241913,"{0: 20, 1: 0, 2: 0, 3: 0, 4: 0}",0
31,True,"{'a': 0.0, 'e': 0.0}",35,22,26.83476032777743,"{0: 13, 1: 0, 2: 0, 3: 0, 4: 0}",1
32,True,"{'a': 0.0, 'e': 0.0}",30,12,30.90123531327342,"{0: 18, 1: 0, 2: 0, 3: 0, 4: 0}",1
33,True,"{'a': 0.0, 'e': 0.0}",30,20,19.004535079298265,"{0: 10, 1: 0, 2: 0, 3: 0, 4: 0}",1
34,True,"{'a': 0.0, 'e': 0.0}",25,19,11.793634834838942,"{0: 6, 1: 0, 2: 0, 3: 0, 4: 0}",1
35,True,"{'a': 0.0, 'e': 0.0}",30,20,18.941189502554664,"{0: 10, 1: 0, 2: 0, 3: 0, 4: 0}",1
36,True,"{'a': 0.0, 'e': 0.0}",20,10,15.567518801331422,"{0: 10, 1: 0, 2: 0, 3: 0, 4: 0}",1
37,True,"{'a': 0.0, 'e': 0.0}",25,0,36.11516123583197,"{0: 25, 1: 0, 2: 0, 3: 0, 4: 0}",0
38,True,"{'a': 0.0, 'e': 0.0}",30,20,18.644034032016357,"{0: 10, 1: 0, 2: 0, 3: 0, 4: 0}",1
39,True,"{'a': 0.0, 'e': 0.0}",30,14,22.700179511457247,"{0: 16, 1: 0, 2: 0, 3: 0, 4: 0}",1
40,True,"{'a': 0.0, 'e': 0.0}",20,14,11.152961000347698,"{0: 6, 1: 0, 2: 0, 3: 0, 4: 0}",1
41,True,"{'a': 0.0, 'e': 0.0}",30,19,19.42759544900302,"{0: 11, 1: 0, 2: 0, 3: 0, 4: 0}",1
42,True,"{'a': 0.0, 'e': 0.0}",20,2,29.179020793064158,"{0: 18, 1: 0, 2: 0, 3: 0, 4: 0}",1
43,True,"{'a': 0.0, 'e': 0.0}",25,20,10.90668704231474,"{0: 5, 1: 0, 2: 0, 3: 0, 4: 0}",1
44,True,"{'a': 0.0, 'e': 0.0}",25,12,28.593437695699166,"{0: 13, 1: 0, 2: 0, 3: 0, 4: 0}",1
45,True,"{'a': 0.0, 'e': 0.0}",20,12,15.296967137332548,"{0: 8, 1: 0, 2: 0, 3: 0, 4: 0}",1
46,True,"{'a': 0.0, 'e': 0.0}",20,11,17.18272921802344,"{0: 9, 1: 0, 2: 0, 3: 0, 4: 0}",1
47,True,"{'a': 0.0, 'e': 0.0}",30,10,37.798699766579695,"{0: 20, 1: 0, 2: 0, 3: 0, 4: 0}",1
48,True,"{'a': 0.0, 'e': 0.0}",35,23,19.62817328034071,"{0: 12, 1: 0, 2: 0, 3: 0, 4: 0}",1
49,True,"{'a': 0.0, 'e': 0.0}",20,10,17.585677432503136,"{0: 10, 1: 0, 2: 0, 3: 0, 4: 0}",1
50,True,"{'a': 0.0, 'e': 0.0}",35,22,24.907494169940406,"{0: 13, 1: 0, 2: 0, 3: 0, 4: 0}",1
51,True,"{'a': 0.0, 'e': 0.0}",25,9,25.21455701695054,"{0: 16, 1: 0, 2: 0, 3: 0, 4: 0}",1
52,True,"{'a': 0.0, 'e': 0.0}",25,16,15.293700629767118,"{0: 9, 1: 0, 2: 0, 3: 0, 4: 0}",1
53,True,"{'a': 0.0, 'e': 0.0}",25,3,39.038908038443786,"{0: 22, 1: 0, 2: 0, 3: 0, 4: 0}",1
54,True,"{'a': 0.0, 'e': 0.0}",20,15,10.095793281566422,"{0: 5, 1: 0, 2: 0, 3: 0, 4: 0}",1
55,True,"{'a': 0.0, 'e': 0.0}",25,7,31.590707503004836,"{0: 18, 1: 0, 2: 0, 3: 0, 4: 0}",1
56,True,"{'a': 0.0, 'e': 0.0}",20,6,26.28298346696432,"{0: 14, 1: 0, 2: 0, 3: 0, 4: 0}",1
57,True,"{'a': 0.0, 'e': 0.0}",30,19,18.477938497733167,"{0: 11, 1: 0, 2: 0, 3: 0, 4: 0}",1
58,True,"{'a': 0.0, 'e': 0.0}",25,15,16.416088719495264,"{0: 10, 1: 0, 2: 0, 3: 0, 4: 0}",1
59,True,"{'a': 0.0, 'e': 0.0}",25,18,16.91430183282125,"{0: 7, 1: 0, 2: 0, 3: 0, 4: 0}",1
60,True,"{'a': 0.0, 'e': 0.0}",20,13,11.477503111859932,"{0: 7, 1: 0, 2: 0, 3: 0, 4: 0}",1
61,True,"{'a': 0.0, 'e': 0.0}",20,9,20.26322146416868,"{0: 11, 1: 0, 2: 0, 3: 0, 4: 0}",1
62,True,"{'a': 0.0, 'e': 0.0}",20,9,17.089473775318673,"{0: 11, 1: 0, 2: 0, 3: 0, 4: 0}",1
63,True,"{'a': 0.0, 'e': 0.0}",25,12,21.408661446281965,"{0: 13, 1: 0, 2: 0, 3: 0, 4: 0}",1
64,True,"{'a': 0.0, 'e': 0.0}",20,8,20.44404927631042,"{0: 12, 1: 0, 2: 0, 3: 0, 4: 0}",1
65,True,"{'a': 0.0, 'e': 0.0}",20,10,20.80267695090398,"{0: 10, 1: 0, 2: 0, 3: 0, 4: 0}",1
66,True,"{'a': 0.0, 'e': 0.0}",20,15,6.410564866493316,"{0: 5, 1: 0, 2: 0, 3: 0, 4: 0}",1
67,True,"{'a': 0.0, 'e': 0.0}",25,12,24.36127325932839,"{0: 13, 1: 0, 2: 0, 3: 0, 4: 0}",1
68,True,"{'a': 0.0, 'e': 0.0}",30,18,20.97952057733282,"{0: 12, 1: 0, 2: 0, 3: 0, 4: 0}",1
69,True,"{'a': 0.0, 'e': 0.0}",20,16,8.354186345033664,"{0: 4, 1: 0, 2: 0, 3: 0, 4: 0}",1
70,True,"{'a': 0.0, 'e': 0.0}",20,11,15.500416316119557,"{0: 9, 1: 0, 2: 0, 3: 0, 4: 0}",1
71,True,"{'a': 0.0, 'e': 0.0}",25,20,7.707730271156664,"{0: 5, 1: 0, 2: 0, 3: 0, 4: 0}",1
72,True,"{'a': 0.0, 'e': 0.0}",30,8,35.808836535688116,"{0: 22, 1: 0, 2: 0, 3: 0, 4: 0}",1
73,True,"{'a': 0.0, 'e': 0.0}",25,16,16.482213947954158,"{0: 9, 1: 0, 2: 0, 3: 0, 4: 0}",1
74,True,"{'a': 0.0, 'e': 0.0}",25,13,24.774085494778955,"{0: 12, 1: 0, 2: 0, 3: 0, 4: 0}",1
75,True,"{'a': 0.0, 'e': 0.0}",35,16,39.560326570296475,"{0: 19, 1: 0, 2: 0, 3: 0, 4: 0}",1
76,True,"{'a': 0.0, 'e': 0.0}",20,6,21.708476626311388,"{0: 14, 1: 0, 2: 0, 3: 0, 4: 0}",1
77,True,"{'a': 0.0, 'e': 0.0}",25,3,34.03978992397283,"{0: 22, 1: 0, 2: 0, 3: 0, 4: 0}",1
78,True,"{'a': 0.0, 'e': 0.0}",20,4,31.27437415684102,"{0: 16, 1: 0, 2: 0, 3: 0, 4: 0}",1
79,True,"{'a': 0.0, 'e': 0.0}",20,3,32.03625193707587,"{0: 17, 1: 0, 2: 0, 3: 0, 4: 0}",1
80,True,"{'a': 0.0, 'e': 0.0}",30,13,29.457258549368273,"{0: 17, 1: 0, 2: 0, 3: 0, 4: 0}",1
81,True,"{'a': 0.0, 'e': 0.0}",20,16,8.952755716274337,"{0: 4, 1: 0, 2: 0, 3: 0, 4: 0}",1
82,True,"{'a': 0.0, 'e': 0.0}",20,15,8.76208168612197,"{0: 5, 1: 0, 2: 0, 3: 0, 4: 0}",1
83,True,"{'a': 0.0, 'e': 0.0}",20,15,9.99730919048337,"{0: 5, 1: 0, 2: 0, 3: 0, 4: 0}",1
84,True,"{'a': 0.0, 'e': 0.0}",20,16,6.583137819160189,"{0: 4, 1: 0, 2: 0, 3: 0, 4: 0}",1
85,True,"{'a': 0.0, 'e': 0.0}",20,11,19.045010594887504,"{0: 9, 1: 0, 2: 0, 3: 0, 4: 0}",1
86,True,"{'a': 0.0, 'e': 0.0}",20,15,10.12845839819867,"{0: 5, 1: 0, 2: 0, 3: 0, 4: 0}",1
87,True,"{'a': 0.0, 'e': 0.0}",25,16,15.285801059914526,"{0: 9, 1: 0, 2: 0, 3: 0, 4: 0}",1
88,True,"{'a': 0.0, 'e': 0.0}",20,13,13.674566937277373,"{0: 7, 1: 0, 2: 0, 3: 0, 4: 0}",1
89,True,"{'a': 0.0, 'e': 0.0}",20,13,9.357186859492714,"{0: 7, 1: 0, 2: 0, 3: 0, 4: 0}",1
90,True,"{'a': 0.0, 'e': 0.0}",30,17,20.929402407524297,"{0: 13, 1: 0, 2: 0, 3: 0, 4: 0}",1
91,True,"{'a': 0.0, 'e': 0.0}",20,5,27.079329113435325,"{0: 15, 1: 0, 2: 0, 3: 0, 4: 0}",1
92,True,"{'a': 0.0, 'e': 0.0}",20,0,32.65584093584213,"{0: 20, 1: 0, 2: 0, 3: 0, 4: 0}",0
93,True,"{'a': 0.0, 'e': 0.0}",20,11,15.79960993268153,"{0: 9, 1: 0, 2: 0, 3: 0, 4: 0}",1
94,True,"{'a': 0.0, 'e': 0.0}",30,15,26.225904414422104,"{0: 15, 1: 0, 2: 0, 3: 0, 4: 0}",1
95,True,"{'a': 0.0, 'e': 0.0}",30,22,15.135494623423629,"{0: 8, 1: 0, 2: 0, 3: 0, 4: 0}",1
96,True,"{'a': 0.0, 'e': 0.0}",20,10,18.9217218171363,"{0: 10, 1: 0, 2: 0, 3: 0, 4: 0}",1
97,True,"{'a': 0.0, 'e': 0.0}",20,10,16.408207729686904,"{0: 10, 1: 0, 2: 0, 3: 0, 4: 0}",1
98,True,"{'a': 0.0, 'e': 0.0}",30,16,24.25140158314857,"{0: 14, 1: 0, 2: 0, 3: 0, 4: 0}",1
99,True,"{'a': 0.0, 'e': 0.0}",20,14,11.12855633462477,"{0: 6, 1: 0, 2: 0, 3: 0, 4: 0}",1
100,True,"{'a': 0.0, 'e': 0.0}",20,10,19.3577987189487,"{0: 10, 1: 0, 2: 0, 3: 0, 4: 0}",1
